[DRY] → /Users/apple/Downloads/nutritioncolours/src/content/locations/aberdeen-type-2-diabetes.md
[DRY] → /Users/apple/Downloads/nutritioncolours/src/content/locations/aberdeen-pcodpcos.md
[DRY] → /Users/apple/Downloads/nutritioncolours/src/content/locations/aberdeen-circadian-desynchrony.md
[DRY] → /Users/apple/Downloads/nutritioncolours/src/content/locations/campwell-bay-obesity.md
[DRY] → /Users/apple/Downloads/nutritioncolours/src/content/locations/campwell-bay-hypertension.md
[DRY] → /Users/apple/Downloads/nutritioncolours/src/content/locations/campwell-bay-fatty-liver.md
[DRY] → /Users/apple/Downloads/nutritioncolours/src/content/locations/car-nicobar-type-2-diabetes.md
[DRY] → /Users/apple/Downloads/nutritioncolours/src/content/locations/car-nicobar-insulin-resistance.md
[DRY] → /Users/apple/Downloads/nutritioncolours/src/content/locations/car-nicobar-pcodpcos.md
[DRY] → /Users/apple/Downloads/nutritioncolours/src/content/locations/diglipur-insulin-resistance.md
[DRY] → /Users/apple/Downloads/nutritioncolours/src/content/locations/diglipur-dyslipidemia.md
[DRY] → /Users/apple/Downloads/nutritioncolours/src/content/locations/diglipur-thyroid-dysregulation.md
[DRY] → /Users/apple/Downloads/nutritioncolours/src/content/locations/diglipur-circadian-desynchrony.md
[DRY] → /Users/apple/Downloads/nutritioncolours/src/content/locations/hemlauk-obesity.md
[DRY] → /Users/apple/Downloads/nutritioncolours/src/content/locations/hemlauk-circadian-desynchrony.md
[DRY] → /Users/apple/Downloads/nutritioncolours/src/content/locations/hemlauk-metabolic-syndrome.md
[DRY] → /Users/apple/Downloads/nutritioncolours/src/content/locations/kadamtala-obesity.md
[DRY] → /Users/apple/Downloads/nutritioncolours/src/content/locations/kadamtala-insulin-resistance.md
[DRY] → /Users/apple/Downloads/nutritioncolours/src/content/locations/kadamtala-circadian-desynchrony.md
[DRY] → /Users/apple/Downloads/nutritioncolours/src/content/locations/kapanga-type-2-diabetes.md
[DRY] → /Users/apple/Downloads/nutritioncolours/src/content/locations/kapanga-dyslipidemia.md
[DRY] → /Users/apple/Downloads/nutritioncolours/src/content/locations/kapanga-pcodpcos.md
[DRY] → /Users/apple/Downloads/nutritioncolours/src/content/locations/kapanga-fatty-liver.md
[DRY] → /Users/apple/Downloads/nutritioncolours/src/content/locations/mayabandar-type-2-diabetes.md
[DRY] → /Users/apple/Downloads/nutritioncolours/src/content/locations/mayabandar-dyslipidemia.md
[DRY] → /Users/apple/Downloads/nutritioncolours/src/content/locations/mayabandar-metabolic-syndrome.md
[DRY] → /Users/apple/Downloads/nutritioncolours/src/content/locations/port-blair-pcodpcos.md
[DRY] → /Users/apple/Downloads/nutritioncolours/src/content/locations/port-blair-thyroid-dysregulation.md
[DRY] → /Users/apple/Downloads/nutritioncolours/src/content/locations/port-blair-circadian-desynchrony.md
[DRY] → /Users/apple/Downloads/nutritioncolours/src/content/locations/port-blair-metabolic-syndrome.md
[DRY] → /Users/apple/Downloads/nutritioncolours/src/content/locations/bakultala-hypertension.md
[DRY] → /Users/apple/Downloads/nutritioncolours/src/content/locations/bakultala-insulin-resistance.md
[DRY] → /Users/apple/Downloads/nutritioncolours/src/content/locations/bakultala-pcodpcos.md
[DRY] → /Users/apple/Downloads/nutritioncolours/src/content/locations/bakultala-fatty-liver.md
[DRY] → /Users/apple/Downloads/nutritioncolours/src/content/locations/addanki-thyroid-dysregulation.md
[DRY] → /Users/apple/Downloads/nutritioncolours/src/content/locations/addanki-fatty-liver.md
[DRY] → /Users/apple/Downloads/nutritioncolours/src/content/locations/addanki-circadian-desynchrony.md
[DRY] → /Users/apple/Downloads/nutritioncolours/src/content/locations/addanki-metabolic-syndrome.md
[DRY] → /Users/apple/Downloads/nutritioncolours/src/content/locations/adilabad-type-2-diabetes.md
[DRY] → /Users/apple/Downloads/nutritioncolours/src/content/locations/adilabad-hypertension.md
[DRY] → /Users/apple/Downloads/nutritioncolours/src/content/locations/adilabad-pcodpcos.md
[DRY] → /Users/apple/Downloads/nutritioncolours/src/content/locations/adilabad-fatty-liver.md
[DRY] → /Users/apple/Downloads/nutritioncolours/src/content/locations/adoni-type-2-diabetes.md
[DRY] → /Users/apple/Downloads/nutritioncolours/src/content/locations/adoni-hypertension.md
[DRY] → /Users/apple/Downloads/nutritioncolours/src/content/locations/adoni-insulin-resistance.md
[DRY] → /Users/apple/Downloads/nutritioncolours/src/content/locations/allagada-type-2-diabetes.md
[DRY] → /Users/apple/Downloads/nutritioncolours/src/content/locations/allagada-circadian-desynchrony.md
[DRY] → /Users/apple/Downloads/nutritioncolours/src/content/locations/allagada-metabolic-syndrome.md
[DRY] → /Users/apple/Downloads/nutritioncolours/src/content/locations/amadalavalasa-pcodpcos.md
[DRY] → /Users/apple/Downloads/nutritioncolours/src/content/locations/amadalavalasa-thyroid-dysregulation.md
[DRY] → /Users/apple/Downloads/nutritioncolours/src/content/locations/amadalavalasa-fatty-liver.md
[DRY] → /Users/apple/Downloads/nutritioncolours/src/content/locations/amalapuram-obesity.md
[DRY] → /Users/apple/Downloads/nutritioncolours/src/content/locations/amalapuram-hypertension.md
[DRY] → /Users/apple/Downloads/nutritioncolours/src/content/locations/amalapuram-circadian-desynchrony.md
[DRY] → /Users/apple/Downloads/nutritioncolours/src/content/locations/anakpalle-hypertension.md
[DRY] → /Users/apple/Downloads/nutritioncolours/src/content/locations/anakpalle-dyslipidemia.md
[DRY] → /Users/apple/Downloads/nutritioncolours/src/content/locations/anakpalle-circadian-desynchrony.md
[DRY] → /Users/apple/Downloads/nutritioncolours/src/content/locations/anantapur-obesity.md
[DRY] → /Users/apple/Downloads/nutritioncolours/src/content/locations/anantapur-insulin-resistance.md
[DRY] → /Users/apple/Downloads/nutritioncolours/src/content/locations/anantapur-pcodpcos.md
[DRY] → /Users/apple/Downloads/nutritioncolours/src/content/locations/anantapur-fatty-liver.md
[DRY] → /Users/apple/Downloads/nutritioncolours/src/content/locations/armoor-thyroid-dysregulation.md
[DRY] → /Users/apple/Downloads/nutritioncolours/src/content/locations/armoor-circadian-desynchrony.md
[DRY] → /Users/apple/Downloads/nutritioncolours/src/content/locations/armoor-metabolic-syndrome.md
[DRY] → /Users/apple/Downloads/nutritioncolours/src/content/locations/attili-pcodpcos.md
[DRY] → /Users/apple/Downloads/nutritioncolours/src/content/locations/attili-thyroid-dysregulation.md
[DRY] → /Users/apple/Downloads/nutritioncolours/src/content/locations/avanigadda-insulin-resistance.md
[DRY] → /Users/apple/Downloads/nutritioncolours/src/content/locations/avanigadda-dyslipidemia.md
[DRY] → /Users/apple/Downloads/nutritioncolours/src/content/locations/avanigadda-thyroid-dysregulation.md
[DRY] → /Users/apple/Downloads/nutritioncolours/src/content/locations/avanigadda-fatty-liver.md
[DRY] → /Users/apple/Downloads/nutritioncolours/src/content/locations/bapatla-hypertension.md
[DRY] → /Users/apple/Downloads/nutritioncolours/src/content/locations/bapatla-insulin-resistance.md
[DRY] → /Users/apple/Downloads/nutritioncolours/src/content/locations/bapatla-dyslipidemia.md
[DRY] → /Users/apple/Downloads/nutritioncolours/src/content/locations/bapatla-metabolic-syndrome.md
[DRY] → /Users/apple/Downloads/nutritioncolours/src/content/locations/bhadrachalam-type-2-diabetes.md
[DRY] → /Users/apple/Downloads/nutritioncolours/src/content/locations/bhadrachalam-hypertension.md
[DRY] → /Users/apple/Downloads/nutritioncolours/src/content/locations/bhadrachalam-thyroid-dysregulation.md
[DRY] → /Users/apple/Downloads/nutritioncolours/src/content/locations/bhadrachalam-metabolic-syndrome.md
[DRY] → /Users/apple/Downloads/nutritioncolours/src/content/locations/bhimavaram-type-2-diabetes.md
[DRY] → /Users/apple/Downloads/nutritioncolours/src/content/locations/bhimavaram-hypertension.md
[DRY] → /Users/apple/Downloads/nutritioncolours/src/content/locations/bhimavaram-insulin-resistance.md
[DRY] → /Users/apple/Downloads/nutritioncolours/src/content/locations/bhimavaram-dyslipidemia.md
[DRY] → /Users/apple/Downloads/nutritioncolours/src/content/locations/bhimavaram-circadian-desynchrony.md
[DRY] → /Users/apple/Downloads/nutritioncolours/src/content/locations/bhongir-insulin-resistance.md
[DRY] → /Users/apple/Downloads/nutritioncolours/src/content/locations/bhongir-thyroid-dysregulation.md
[DRY] → /Users/apple/Downloads/nutritioncolours/src/content/locations/bhongir-metabolic-syndrome.md
[DRY] → /Users/apple/Downloads/nutritioncolours/src/content/locations/bobbili-obesity.md
[DRY] → /Users/apple/Downloads/nutritioncolours/src/content/locations/bobbili-hypertension.md
[DRY] → /Users/apple/Downloads/nutritioncolours/src/content/locations/bobbili-pcodpcos.md
[DRY] → /Users/apple/Downloads/nutritioncolours/src/content/locations/buchinghampet-type-2-diabetes.md
[DRY] → /Users/apple/Downloads/nutritioncolours/src/content/locations/buchinghampet-fatty-liver.md
[DRY] → /Users/apple/Downloads/nutritioncolours/src/content/locations/chandragiri-type-2-diabetes.md
[DRY] → /Users/apple/Downloads/nutritioncolours/src/content/locations/chandragiri-dyslipidemia.md
[DRY] → /Users/apple/Downloads/nutritioncolours/src/content/locations/chandragiri-pcodpcos.md
[DRY] → /Users/apple/Downloads/nutritioncolours/src/content/locations/chandragiri-circadian-desynchrony.md
[DRY] → /Users/apple/Downloads/nutritioncolours/src/content/locations/chilakaluripeta-obesity.md
[DRY] → /Users/apple/Downloads/nutritioncolours/src/content/locations/chilakaluripeta-thyroid-dysregulation.md
[DRY] → /Users/apple/Downloads/nutritioncolours/src/content/locations/chilakaluripeta-fatty-liver.md
[DRY] → /Users/apple/Downloads/nutritioncolours/src/content/locations/chirala-hypertension.md
[DRY] → /Users/apple/Downloads/nutritioncolours/src/content/locations/chirala-fatty-liver.md
[DRY] → /Users/apple/Downloads/nutritioncolours/src/content/locations/chirala-metabolic-syndrome.md
[DRY] → /Users/apple/Downloads/nutritioncolours/src/content/locations/chittoor-hypertension.md
[DRY] → /Users/apple/Downloads/nutritioncolours/src/content/locations/chittoor-dyslipidemia.md
[DRY] → /Users/apple/Downloads/nutritioncolours/src/content/locations/chittoor-thyroid-dysregulation.md
[DRY] → /Users/apple/Downloads/nutritioncolours/src/content/locations/chodavaram-hypertension.md
[DRY] → /Users/apple/Downloads/nutritioncolours/src/content/locations/chodavaram-dyslipidemia.md
[DRY] → /Users/apple/Downloads/nutritioncolours/src/content/locations/chodavaram-pcodpcos.md
[DRY] → /Users/apple/Downloads/nutritioncolours/src/content/locations/cuddapah-insulin-resistance.md
[DRY] → /Users/apple/Downloads/nutritioncolours/src/content/locations/cuddapah-dyslipidemia.md
[DRY] → /Users/apple/Downloads/nutritioncolours/src/content/locations/cuddapah-thyroid-dysregulation.md
[DRY] → /Users/apple/Downloads/nutritioncolours/src/content/locations/cuddapah-circadian-desynchrony.md
[DRY] → /Users/apple/Downloads/nutritioncolours/src/content/locations/dargamitta-dyslipidemia.md
[DRY] → /Users/apple/Downloads/nutritioncolours/src/content/locations/dargamitta-pcodpcos.md
[DRY] → /Users/apple/Downloads/nutritioncolours/src/content/locations/dharmavaram-obesity.md
[DRY] → /Users/apple/Downloads/nutritioncolours/src/content/locations/dharmavaram-dyslipidemia.md
[DRY] → /Users/apple/Downloads/nutritioncolours/src/content/locations/dharmavaram-pcodpcos.md
[DRY] → /Users/apple/Downloads/nutritioncolours/src/content/locations/dharmavaram-thyroid-dysregulation.md
[DRY] → /Users/apple/Downloads/nutritioncolours/src/content/locations/dharmavaram-metabolic-syndrome.md
[DRY] → /Users/apple/Downloads/nutritioncolours/src/content/locations/eluru-pcodpcos.md
[DRY] → /Users/apple/Downloads/nutritioncolours/src/content/locations/eluru-circadian-desynchrony.md
[DRY] → /Users/apple/Downloads/nutritioncolours/src/content/locations/eluru-metabolic-syndrome.md
[DRY] → /Users/apple/Downloads/nutritioncolours/src/content/locations/gadwal-hypertension.md
[DRY] → /Users/apple/Downloads/nutritioncolours/src/content/locations/gadwal-insulin-resistance.md
[DRY] → /Users/apple/Downloads/nutritioncolours/src/content/locations/gadwal-metabolic-syndrome.md
[DRY] → /Users/apple/Downloads/nutritioncolours/src/content/locations/gudivada-type-2-diabetes.md
[DRY] → /Users/apple/Downloads/nutritioncolours/src/content/locations/gudivada-obesity.md
[DRY] → /Users/apple/Downloads/nutritioncolours/src/content/locations/gudivada-insulin-resistance.md
[DRY] → /Users/apple/Downloads/nutritioncolours/src/content/locations/gudivada-fatty-liver.md
[DRY] → /Users/apple/Downloads/nutritioncolours/src/content/locations/gudur-type-2-diabetes.md
[DRY] → /Users/apple/Downloads/nutritioncolours/src/content/locations/gudur-pcodpcos.md
[DRY] → /Users/apple/Downloads/nutritioncolours/src/content/locations/guntakal-type-2-diabetes.md
[DRY] → /Users/apple/Downloads/nutritioncolours/src/content/locations/guntakal-obesity.md
[DRY] → /Users/apple/Downloads/nutritioncolours/src/content/locations/guntakal-dyslipidemia.md
[DRY] → /Users/apple/Downloads/nutritioncolours/src/content/locations/guntakal-circadian-desynchrony.md
[DRY] → /Users/apple/Downloads/nutritioncolours/src/content/locations/guntakal-metabolic-syndrome.md
[DRY] → /Users/apple/Downloads/nutritioncolours/src/content/locations/guntur-obesity.md
[DRY] → /Users/apple/Downloads/nutritioncolours/src/content/locations/guntur-insulin-resistance.md
[DRY] → /Users/apple/Downloads/nutritioncolours/src/content/locations/hanamkonda-hypertension.md
[DRY] → /Users/apple/Downloads/nutritioncolours/src/content/locations/hanamkonda-dyslipidemia.md
[DRY] → /Users/apple/Downloads/nutritioncolours/src/content/locations/hanamkonda-pcodpcos.md
[DRY] → /Users/apple/Downloads/nutritioncolours/src/content/locations/hanamkonda-circadian-desynchrony.md
[DRY] → /Users/apple/Downloads/nutritioncolours/src/content/locations/hindupur-type-2-diabetes.md
[DRY] → /Users/apple/Downloads/nutritioncolours/src/content/locations/hindupur-obesity.md
[DRY] → /Users/apple/Downloads/nutritioncolours/src/content/locations/hindupur-hypertension.md
[DRY] → /Users/apple/Downloads/nutritioncolours/src/content/locations/hindupur-circadian-desynchrony.md
[DRY] → /Users/apple/Downloads/nutritioncolours/src/content/locations/huzurabad-hypertension.md
[DRY] → /Users/apple/Downloads/nutritioncolours/src/content/locations/huzurabad-dyslipidemia.md
[DRY] → /Users/apple/Downloads/nutritioncolours/src/content/locations/huzurabad-fatty-liver.md
[DRY] → /Users/apple/Downloads/nutritioncolours/src/content/locations/huzurabad-circadian-desynchrony.md
[DRY] → /Users/apple/Downloads/nutritioncolours/src/content/locations/hyderabad-gpo-type-2-diabetes.md
[DRY] → /Users/apple/Downloads/nutritioncolours/src/content/locations/hyderabad-gpo-obesity.md
[DRY] → /Users/apple/Downloads/nutritioncolours/src/content/locations/hyderabad-gpo-hypertension.md
[DRY] → /Users/apple/Downloads/nutritioncolours/src/content/locations/hyderabad-gpo-circadian-desynchrony.md
[DRY] → /Users/apple/Downloads/nutritioncolours/src/content/locations/hyderabad-jubilee-obesity.md
[DRY] → /Users/apple/Downloads/nutritioncolours/src/content/locations/hyderabad-jubilee-thyroid-dysregulation.md
[DRY] → /Users/apple/Downloads/nutritioncolours/src/content/locations/hyderabad-jubilee-metabolic-syndrome.md
[DRY] → /Users/apple/Downloads/nutritioncolours/src/content/locations/kaikalur-type-2-diabetes.md
[DRY] → /Users/apple/Downloads/nutritioncolours/src/content/locations/kaikalur-dyslipidemia.md
[DRY] → /Users/apple/Downloads/nutritioncolours/src/content/locations/kaikalur-metabolic-syndrome.md
[DRY] → /Users/apple/Downloads/nutritioncolours/src/content/locations/kakinada-type-2-diabetes.md
[DRY] → /Users/apple/Downloads/nutritioncolours/src/content/locations/kakinada-pcodpcos.md
[DRY] → /Users/apple/Downloads/nutritioncolours/src/content/locations/kakinada-fatty-liver.md
[DRY] → /Users/apple/Downloads/nutritioncolours/src/content/locations/kamareddy-hypertension.md
[DRY] → /Users/apple/Downloads/nutritioncolours/src/content/locations/kamareddy-pcodpcos.md
[DRY] → /Users/apple/Downloads/nutritioncolours/src/content/locations/kamareddy-thyroid-dysregulation.md
[DRY] → /Users/apple/Downloads/nutritioncolours/src/content/locations/kandukur-obesity.md
[DRY] → /Users/apple/Downloads/nutritioncolours/src/content/locations/kandukur-pcodpcos.md
[DRY] → /Users/apple/Downloads/nutritioncolours/src/content/locations/kandukur-thyroid-dysregulation.md
[DRY] → /Users/apple/Downloads/nutritioncolours/src/content/locations/kanigiri-type-2-diabetes.md
[DRY] → /Users/apple/Downloads/nutritioncolours/src/content/locations/kanigiri-obesity.md
[DRY] → /Users/apple/Downloads/nutritioncolours/src/content/locations/kanigiri-hypertension.md
[DRY] → /Users/apple/Downloads/nutritioncolours/src/content/locations/kanigiri-thyroid-dysregulation.md
[DRY] → /Users/apple/Downloads/nutritioncolours/src/content/locations/kanigiri-fatty-liver.md
[DRY] → /Users/apple/Downloads/nutritioncolours/src/content/locations/karimnagar-hypertension.md
[DRY] → /Users/apple/Downloads/nutritioncolours/src/content/locations/karimnagar-fatty-liver.md
[DRY] → /Users/apple/Downloads/nutritioncolours/src/content/locations/karimnagar-circadian-desynchrony.md
[DRY] → /Users/apple/Downloads/nutritioncolours/src/content/locations/kavali-hypertension.md
[DRY] → /Users/apple/Downloads/nutritioncolours/src/content/locations/kavali-thyroid-dysregulation.md
[DRY] → /Users/apple/Downloads/nutritioncolours/src/content/locations/kavali-circadian-desynchrony.md
[DRY] → /Users/apple/Downloads/nutritioncolours/src/content/locations/khairatabad-type-2-diabetes.md
[DRY] → /Users/apple/Downloads/nutritioncolours/src/content/locations/khairatabad-obesity.md
[DRY] → /Users/apple/Downloads/nutritioncolours/src/content/locations/khairatabad-hypertension.md
[DRY] → /Users/apple/Downloads/nutritioncolours/src/content/locations/khammam-insulin-resistance.md
[DRY] → /Users/apple/Downloads/nutritioncolours/src/content/locations/khammam-dyslipidemia.md
[DRY] → /Users/apple/Downloads/nutritioncolours/src/content/locations/khammam-pcodpcos.md
[DRY] → /Users/apple/Downloads/nutritioncolours/src/content/locations/khammam-metabolic-syndrome.md
[DRY] → /Users/apple/Downloads/nutritioncolours/src/content/locations/kothapeta-obesity.md
[DRY] → /Users/apple/Downloads/nutritioncolours/src/content/locations/kothapeta-insulin-resistance.md
[DRY] → /Users/apple/Downloads/nutritioncolours/src/content/locations/kothapeta-fatty-liver.md
[DRY] → /Users/apple/Downloads/nutritioncolours/src/content/locations/kothapeta-metabolic-syndrome.md
[DRY] → /Users/apple/Downloads/nutritioncolours/src/content/locations/kothgudem-collieries-obesity.md
[DRY] → /Users/apple/Downloads/nutritioncolours/src/content/locations/kothgudem-collieries-fatty-liver.md
[DRY] → /Users/apple/Downloads/nutritioncolours/src/content/locations/kothgudem-collieries-metabolic-syndrome.md
[DRY] → /Users/apple/Downloads/nutritioncolours/src/content/locations/kovvur-type-2-diabetes.md
[DRY] → /Users/apple/Downloads/nutritioncolours/src/content/locations/kovvur-hypertension.md
[DRY] → /Users/apple/Downloads/nutritioncolours/src/content/locations/kovvur-pcodpcos.md
[DRY] → /Users/apple/Downloads/nutritioncolours/src/content/locations/kovvur-circadian-desynchrony.md
[DRY] → /Users/apple/Downloads/nutritioncolours/src/content/locations/kovvur-metabolic-syndrome.md
[DRY] → /Users/apple/Downloads/nutritioncolours/src/content/locations/machilipatnam-dyslipidemia.md
[DRY] → /Users/apple/Downloads/nutritioncolours/src/content/locations/machilipatnam-thyroid-dysregulation.md
[DRY] → /Users/apple/Downloads/nutritioncolours/src/content/locations/machilipatnam-fatty-liver.md
[DRY] → /Users/apple/Downloads/nutritioncolours/src/content/locations/mahabubnagar-type-2-diabetes.md
[DRY] → /Users/apple/Downloads/nutritioncolours/src/content/locations/mahabubnagar-pcodpcos.md
[DRY] → /Users/apple/Downloads/nutritioncolours/src/content/locations/mahabubnagar-metabolic-syndrome.md
[DRY] → /Users/apple/Downloads/nutritioncolours/src/content/locations/mahbubabad-type-2-diabetes.md
[DRY] → /Users/apple/Downloads/nutritioncolours/src/content/locations/mahbubabad-obesity.md
[DRY] → /Users/apple/Downloads/nutritioncolours/src/content/locations/mahbubabad-hypertension.md
[DRY] → /Users/apple/Downloads/nutritioncolours/src/content/locations/mahbubabad-insulin-resistance.md
[DRY] → /Users/apple/Downloads/nutritioncolours/src/content/locations/mancherial-pcodpcos.md
[DRY] → /Users/apple/Downloads/nutritioncolours/src/content/locations/mancherial-metabolic-syndrome.md
[DRY] → /Users/apple/Downloads/nutritioncolours/src/content/locations/mandapeta-obesity.md
[DRY] → /Users/apple/Downloads/nutritioncolours/src/content/locations/mandapeta-dyslipidemia.md
[DRY] → /Users/apple/Downloads/nutritioncolours/src/content/locations/mandapeta-pcodpcos.md
[DRY] → /Users/apple/Downloads/nutritioncolours/src/content/locations/mandapeta-thyroid-dysregulation.md
[DRY] → /Users/apple/Downloads/nutritioncolours/src/content/locations/mandapeta-circadian-desynchrony.md
[DRY] → /Users/apple/Downloads/nutritioncolours/src/content/locations/mangalagiri-obesity.md
[DRY] → /Users/apple/Downloads/nutritioncolours/src/content/locations/mangalagiri-hypertension.md
[DRY] → /Users/apple/Downloads/nutritioncolours/src/content/locations/mangalagiri-circadian-desynchrony.md
[DRY] → /Users/apple/Downloads/nutritioncolours/src/content/locations/markapur-type-2-diabetes.md
[DRY] → /Users/apple/Downloads/nutritioncolours/src/content/locations/markapur-hypertension.md
[DRY] → /Users/apple/Downloads/nutritioncolours/src/content/locations/markapur-dyslipidemia.md
[DRY] → /Users/apple/Downloads/nutritioncolours/src/content/locations/markapur-fatty-liver.md
[DRY] → /Users/apple/Downloads/nutritioncolours/src/content/locations/masanapalle-obesity.md
[DRY] → /Users/apple/Downloads/nutritioncolours/src/content/locations/masanapalle-hypertension.md
[DRY] → /Users/apple/Downloads/nutritioncolours/src/content/locations/masanapalle-pcodpcos.md
[DRY] → /Users/apple/Downloads/nutritioncolours/src/content/locations/masanapalle-thyroid-dysregulation.md
[DRY] → /Users/apple/Downloads/nutritioncolours/src/content/locations/medak-hypertension.md
[DRY] → /Users/apple/Downloads/nutritioncolours/src/content/locations/medak-dyslipidemia.md
[DRY] → /Users/apple/Downloads/nutritioncolours/src/content/locations/medak-metabolic-syndrome.md
[DRY] → /Users/apple/Downloads/nutritioncolours/src/content/locations/mriyalguda-hypertension.md
[DRY] → /Users/apple/Downloads/nutritioncolours/src/content/locations/mriyalguda-dyslipidemia.md
[DRY] → /Users/apple/Downloads/nutritioncolours/src/content/locations/mriyalguda-pcodpcos.md
[DRY] → /Users/apple/Downloads/nutritioncolours/src/content/locations/mriyalguda-thyroid-dysregulation.md
[DRY] → /Users/apple/Downloads/nutritioncolours/src/content/locations/nalgonda-obesity.md
[DRY] → /Users/apple/Downloads/nutritioncolours/src/content/locations/nalgonda-pcodpcos.md
[DRY] → /Users/apple/Downloads/nutritioncolours/src/content/locations/nalgonda-fatty-liver.md
[DRY] → /Users/apple/Downloads/nutritioncolours/src/content/locations/nalgonda-circadian-desynchrony.md
[DRY] → /Users/apple/Downloads/nutritioncolours/src/content/locations/nalgonda-metabolic-syndrome.md
[DRY] → /Users/apple/Downloads/nutritioncolours/src/content/locations/nandyal-obesity.md
[DRY] → /Users/apple/Downloads/nutritioncolours/src/content/locations/nandyal-pcodpcos.md
[DRY] → /Users/apple/Downloads/nutritioncolours/src/content/locations/nandyal-thyroid-dysregulation.md
[DRY] → /Users/apple/Downloads/nutritioncolours/src/content/locations/narasipatnam-type-2-diabetes.md
[DRY] → /Users/apple/Downloads/nutritioncolours/src/content/locations/narasipatnam-pcodpcos.md
[DRY] → /Users/apple/Downloads/nutritioncolours/src/content/locations/narasipatnam-thyroid-dysregulation.md
[DRY] → /Users/apple/Downloads/nutritioncolours/src/content/locations/narasipatnam-circadian-desynchrony.md
[DRY] → /Users/apple/Downloads/nutritioncolours/src/content/locations/nayudupeta-obesity.md
[DRY] → /Users/apple/Downloads/nutritioncolours/src/content/locations/nayudupeta-insulin-resistance.md
[DRY] → /Users/apple/Downloads/nutritioncolours/src/content/locations/nayudupeta-circadian-desynchrony.md
[DRY] → /Users/apple/Downloads/nutritioncolours/src/content/locations/nellore-type-2-diabetes.md
[DRY] → /Users/apple/Downloads/nutritioncolours/src/content/locations/nellore-obesity.md
[DRY] → /Users/apple/Downloads/nutritioncolours/src/content/locations/nellore-circadian-desynchrony.md
[DRY] → /Users/apple/Downloads/nutritioncolours/src/content/locations/nizamabad-dyslipidemia.md
[DRY] → /Users/apple/Downloads/nutritioncolours/src/content/locations/nizamabad-pcodpcos.md
[DRY] → /Users/apple/Downloads/nutritioncolours/src/content/locations/nizamabad-thyroid-dysregulation.md
[DRY] → /Users/apple/Downloads/nutritioncolours/src/content/locations/nizamabad-fatty-liver.md
[DRY] → /Users/apple/Downloads/nutritioncolours/src/content/locations/nuzuid-obesity.md
[DRY] → /Users/apple/Downloads/nutritioncolours/src/content/locations/nuzuid-pcodpcos.md
[DRY] → /Users/apple/Downloads/nutritioncolours/src/content/locations/nuzuid-fatty-liver.md
[DRY] → /Users/apple/Downloads/nutritioncolours/src/content/locations/ongole-type-2-diabetes.md
[DRY] → /Users/apple/Downloads/nutritioncolours/src/content/locations/ongole-obesity.md
[DRY] → /Users/apple/Downloads/nutritioncolours/src/content/locations/ongole-insulin-resistance.md
[DRY] → /Users/apple/Downloads/nutritioncolours/src/content/locations/ongole-pcodpcos.md
[DRY] → /Users/apple/Downloads/nutritioncolours/src/content/locations/palakol-hypertension.md
[DRY] → /Users/apple/Downloads/nutritioncolours/src/content/locations/palakol-insulin-resistance.md
[DRY] → /Users/apple/Downloads/nutritioncolours/src/content/locations/palakol-thyroid-dysregulation.md
[DRY] → /Users/apple/Downloads/nutritioncolours/src/content/locations/palmaner-hypertension.md
[DRY] → /Users/apple/Downloads/nutritioncolours/src/content/locations/palmaner-insulin-resistance.md
[DRY] → /Users/apple/Downloads/nutritioncolours/src/content/locations/palmaner-thyroid-dysregulation.md
[DRY] → /Users/apple/Downloads/nutritioncolours/src/content/locations/palmaner-circadian-desynchrony.md
[DRY] → /Users/apple/Downloads/nutritioncolours/src/content/locations/parkal-thyroid-dysregulation.md
[DRY] → /Users/apple/Downloads/nutritioncolours/src/content/locations/parkal-circadian-desynchrony.md
[DRY] → /Users/apple/Downloads/nutritioncolours/src/content/locations/parkal-metabolic-syndrome.md
[DRY] → /Users/apple/Downloads/nutritioncolours/src/content/locations/parvathipuram-obesity.md
[DRY] → /Users/apple/Downloads/nutritioncolours/src/content/locations/parvathipuram-insulin-resistance.md
[DRY] → /Users/apple/Downloads/nutritioncolours/src/content/locations/parvathipuram-thyroid-dysregulation.md
[DRY] → /Users/apple/Downloads/nutritioncolours/src/content/locations/peddapalli-type-2-diabetes.md
[DRY] → /Users/apple/Downloads/nutritioncolours/src/content/locations/peddapalli-insulin-resistance.md
[DRY] → /Users/apple/Downloads/nutritioncolours/src/content/locations/peddapalli-dyslipidemia.md
[DRY] → /Users/apple/Downloads/nutritioncolours/src/content/locations/proddatur-type-2-diabetes.md
[DRY] → /Users/apple/Downloads/nutritioncolours/src/content/locations/proddatur-dyslipidemia.md
[DRY] → /Users/apple/Downloads/nutritioncolours/src/content/locations/proddatur-pcodpcos.md
[DRY] → /Users/apple/Downloads/nutritioncolours/src/content/locations/proddatur-thyroid-dysregulation.md
[DRY] → /Users/apple/Downloads/nutritioncolours/src/content/locations/pulivendla-obesity.md
[DRY] → /Users/apple/Downloads/nutritioncolours/src/content/locations/pulivendla-hypertension.md
[DRY] → /Users/apple/Downloads/nutritioncolours/src/content/locations/pulivendla-fatty-liver.md
[DRY] → /Users/apple/Downloads/nutritioncolours/src/content/locations/rajampet-insulin-resistance.md
[DRY] → /Users/apple/Downloads/nutritioncolours/src/content/locations/rajampet-pcodpcos.md
[DRY] → /Users/apple/Downloads/nutritioncolours/src/content/locations/rajampet-circadian-desynchrony.md
[DRY] → /Users/apple/Downloads/nutritioncolours/src/content/locations/rajamundry-obesity.md
[DRY] → /Users/apple/Downloads/nutritioncolours/src/content/locations/rajamundry-hypertension.md
[DRY] → /Users/apple/Downloads/nutritioncolours/src/content/locations/rajamundry-fatty-liver.md
[DRY] → /Users/apple/Downloads/nutritioncolours/src/content/locations/rajamundry-circadian-desynchrony.md
[DRY] → /Users/apple/Downloads/nutritioncolours/src/content/locations/rajamundry-metabolic-syndrome.md
[DRY] → /Users/apple/Downloads/nutritioncolours/src/content/locations/ramachandrapuram-type-2-diabetes.md
[DRY] → /Users/apple/Downloads/nutritioncolours/src/content/locations/ramachandrapuram-obesity.md
[DRY] → /Users/apple/Downloads/nutritioncolours/src/content/locations/ramachandrapuram-insulin-resistance.md
[DRY] → /Users/apple/Downloads/nutritioncolours/src/content/locations/ramachandrapuram-pcodpcos.md
[DRY] → /Users/apple/Downloads/nutritioncolours/src/content/locations/razole-type-2-diabetes.md
[DRY] → /Users/apple/Downloads/nutritioncolours/src/content/locations/razole-obesity.md
[DRY] → /Users/apple/Downloads/nutritioncolours/src/content/locations/razole-dyslipidemia.md
[DRY] → /Users/apple/Downloads/nutritioncolours/src/content/locations/repalle-type-2-diabetes.md
[DRY] → /Users/apple/Downloads/nutritioncolours/src/content/locations/repalle-obesity.md
[DRY] → /Users/apple/Downloads/nutritioncolours/src/content/locations/repalle-hypertension.md
[DRY] → /Users/apple/Downloads/nutritioncolours/src/content/locations/repalle-dyslipidemia.md
[DRY] → /Users/apple/Downloads/nutritioncolours/src/content/locations/repalle-pcodpcos.md
[DRY] → /Users/apple/Downloads/nutritioncolours/src/content/locations/samalkot-type-2-diabetes.md
[DRY] → /Users/apple/Downloads/nutritioncolours/src/content/locations/samalkot-obesity.md
[DRY] → /Users/apple/Downloads/nutritioncolours/src/content/locations/samalkot-hypertension.md
[DRY] → /Users/apple/Downloads/nutritioncolours/src/content/locations/samalkot-thyroid-dysregulation.md
[DRY] → /Users/apple/Downloads/nutritioncolours/src/content/locations/samalkot-metabolic-syndrome.md
[DRY] → /Users/apple/Downloads/nutritioncolours/src/content/locations/sangareddy-obesity.md
[DRY] → /Users/apple/Downloads/nutritioncolours/src/content/locations/sangareddy-fatty-liver.md
[DRY] → /Users/apple/Downloads/nutritioncolours/src/content/locations/sangareddy-circadian-desynchrony.md
[DRY] → /Users/apple/Downloads/nutritioncolours/src/content/locations/sattenapalle-pcodpcos.md
[DRY] → /Users/apple/Downloads/nutritioncolours/src/content/locations/sattenapalle-thyroid-dysregulation.md
[DRY] → /Users/apple/Downloads/nutritioncolours/src/content/locations/sattenapalle-circadian-desynchrony.md
[DRY] → /Users/apple/Downloads/nutritioncolours/src/content/locations/sattenapalle-metabolic-syndrome.md
[DRY] → /Users/apple/Downloads/nutritioncolours/src/content/locations/secunderabad-thyroid-dysregulation.md
[DRY] → /Users/apple/Downloads/nutritioncolours/src/content/locations/secunderabad-fatty-liver.md
[DRY] → /Users/apple/Downloads/nutritioncolours/src/content/locations/secunderabad-metabolic-syndrome.md
[DRY] → /Users/apple/Downloads/nutritioncolours/src/content/locations/shrikakulam-insulin-resistance.md
[DRY] → /Users/apple/Downloads/nutritioncolours/src/content/locations/shrikakulam-dyslipidemia.md
[DRY] → /Users/apple/Downloads/nutritioncolours/src/content/locations/shrikakulam-circadian-desynchrony.md
[DRY] → /Users/apple/Downloads/nutritioncolours/src/content/locations/shrikalahasti-thyroid-dysregulation.md
[DRY] → /Users/apple/Downloads/nutritioncolours/src/content/locations/shrikalahasti-fatty-liver.md
[DRY] → /Users/apple/Downloads/nutritioncolours/src/content/locations/shrikalahasti-circadian-desynchrony.md
[DRY] → /Users/apple/Downloads/nutritioncolours/src/content/locations/shrikalahasti-metabolic-syndrome.md
[DRY] → /Users/apple/Downloads/nutritioncolours/src/content/locations/siddipet-obesity.md
[DRY] → /Users/apple/Downloads/nutritioncolours/src/content/locations/siddipet-fatty-liver.md
[DRY] → /Users/apple/Downloads/nutritioncolours/src/content/locations/station-jadcheral-hypertension.md
[DRY] → /Users/apple/Downloads/nutritioncolours/src/content/locations/station-jadcheral-insulin-resistance.md
[DRY] → /Users/apple/Downloads/nutritioncolours/src/content/locations/station-jadcheral-pcodpcos.md
[DRY] → /Users/apple/Downloads/nutritioncolours/src/content/locations/station-jadcheral-fatty-liver.md
[DRY] → /Users/apple/Downloads/nutritioncolours/src/content/locations/station-kachiguda-type-2-diabetes.md
[DRY] → /Users/apple/Downloads/nutritioncolours/src/content/locations/station-kachiguda-thyroid-dysregulation.md
[DRY] → /Users/apple/Downloads/nutritioncolours/src/content/locations/station-kachiguda-metabolic-syndrome.md
[DRY] → /Users/apple/Downloads/nutritioncolours/src/content/locations/suryapet-hypertension.md
[DRY] → /Users/apple/Downloads/nutritioncolours/src/content/locations/suryapet-insulin-resistance.md
[DRY] → /Users/apple/Downloads/nutritioncolours/src/content/locations/suryapet-circadian-desynchrony.md
[DRY] → /Users/apple/Downloads/nutritioncolours/src/content/locations/tadepalligudam-obesity.md
[DRY] → /Users/apple/Downloads/nutritioncolours/src/content/locations/tadepalligudam-dyslipidemia.md
[DRY] → /Users/apple/Downloads/nutritioncolours/src/content/locations/tadepalligudam-thyroid-dysregulation.md
[DRY] → /Users/apple/Downloads/nutritioncolours/src/content/locations/tadepalligudam-circadian-desynchrony.md
[DRY] → /Users/apple/Downloads/nutritioncolours/src/content/locations/tadpatri-obesity.md
[DRY] → /Users/apple/Downloads/nutritioncolours/src/content/locations/tadpatri-hypertension.md
[DRY] → /Users/apple/Downloads/nutritioncolours/src/content/locations/tadpatri-thyroid-dysregulation.md
[DRY] → /Users/apple/Downloads/nutritioncolours/src/content/locations/tadpatri-metabolic-syndrome.md
[DRY] → /Users/apple/Downloads/nutritioncolours/src/content/locations/tandur-obesity.md
[DRY] → /Users/apple/Downloads/nutritioncolours/src/content/locations/tandur-pcodpcos.md
[DRY] → /Users/apple/Downloads/nutritioncolours/src/content/locations/tandur-thyroid-dysregulation.md
[DRY] → /Users/apple/Downloads/nutritioncolours/src/content/locations/tandur-circadian-desynchrony.md
[DRY] → /Users/apple/Downloads/nutritioncolours/src/content/locations/tandur-metabolic-syndrome.md
[DRY] → /Users/apple/Downloads/nutritioncolours/src/content/locations/tanuku-obesity.md
[DRY] → /Users/apple/Downloads/nutritioncolours/src/content/locations/tanuku-hypertension.md
[DRY] → /Users/apple/Downloads/nutritioncolours/src/content/locations/tanuku-fatty-liver.md
[DRY] → /Users/apple/Downloads/nutritioncolours/src/content/locations/tanuku-circadian-desynchrony.md
[DRY] → /Users/apple/Downloads/nutritioncolours/src/content/locations/tanuku-metabolic-syndrome.md
[DRY] → /Users/apple/Downloads/nutritioncolours/src/content/locations/tekkali-obesity.md
[DRY] → /Users/apple/Downloads/nutritioncolours/src/content/locations/tekkali-pcodpcos.md
[DRY] → /Users/apple/Downloads/nutritioncolours/src/content/locations/tekkali-fatty-liver.md
[DRY] → /Users/apple/Downloads/nutritioncolours/src/content/locations/tekkali-circadian-desynchrony.md
[DRY] → /Users/apple/Downloads/nutritioncolours/src/content/locations/tenali-hypertension.md
[DRY] → /Users/apple/Downloads/nutritioncolours/src/content/locations/tenali-insulin-resistance.md
[DRY] → /Users/apple/Downloads/nutritioncolours/src/content/locations/tenali-dyslipidemia.md
[DRY] → /Users/apple/Downloads/nutritioncolours/src/content/locations/tenali-thyroid-dysregulation.md
[DRY] → /Users/apple/Downloads/nutritioncolours/src/content/locations/tenali-fatty-liver.md
[DRY] → /Users/apple/Downloads/nutritioncolours/src/content/locations/tirupati-hypertension.md
[DRY] → /Users/apple/Downloads/nutritioncolours/src/content/locations/tirupati-circadian-desynchrony.md
[DRY] → /Users/apple/Downloads/nutritioncolours/src/content/locations/trimulgherry-type-2-diabetes.md
[DRY] → /Users/apple/Downloads/nutritioncolours/src/content/locations/trimulgherry-obesity.md
[DRY] → /Users/apple/Downloads/nutritioncolours/src/content/locations/trimulgherry-hypertension.md
[DRY] → /Users/apple/Downloads/nutritioncolours/src/content/locations/trimulgherry-pcodpcos.md
[DRY] → /Users/apple/Downloads/nutritioncolours/src/content/locations/vijaywada-obesity.md
[DRY] → /Users/apple/Downloads/nutritioncolours/src/content/locations/vijaywada-dyslipidemia.md
[DRY] → /Users/apple/Downloads/nutritioncolours/src/content/locations/vijaywada-pcodpcos.md
[DRY] → /Users/apple/Downloads/nutritioncolours/src/content/locations/vikarabad-thyroid-dysregulation.md
[DRY] → /Users/apple/Downloads/nutritioncolours/src/content/locations/vikarabad-fatty-liver.md
[DRY] → /Users/apple/Downloads/nutritioncolours/src/content/locations/vikarabad-circadian-desynchrony.md
[DRY] → /Users/apple/Downloads/nutritioncolours/src/content/locations/vikarabad-metabolic-syndrome.md
[DRY] → /Users/apple/Downloads/nutritioncolours/src/content/locations/visakhapatnam-type-2-diabetes.md
[DRY] → /Users/apple/Downloads/nutritioncolours/src/content/locations/visakhapatnam-obesity.md
[DRY] → /Users/apple/Downloads/nutritioncolours/src/content/locations/visakhapatnam-pcodpcos.md
[DRY] → /Users/apple/Downloads/nutritioncolours/src/content/locations/vizianagaram-obesity.md
[DRY] → /Users/apple/Downloads/nutritioncolours/src/content/locations/vizianagaram-insulin-resistance.md
[DRY] → /Users/apple/Downloads/nutritioncolours/src/content/locations/vizianagaram-dyslipidemia.md
[DRY] → /Users/apple/Downloads/nutritioncolours/src/content/locations/waltair-rs-dyslipidemia.md
[DRY] → /Users/apple/Downloads/nutritioncolours/src/content/locations/waltair-rs-circadian-desynchrony.md
[DRY] → /Users/apple/Downloads/nutritioncolours/src/content/locations/waltair-rs-metabolic-syndrome.md
[DRY] → /Users/apple/Downloads/nutritioncolours/src/content/locations/wanaparthy-thyroid-dysregulation.md
[DRY] → /Users/apple/Downloads/nutritioncolours/src/content/locations/wanaparthy-fatty-liver.md
[DRY] → /Users/apple/Downloads/nutritioncolours/src/content/locations/wanaparthy-metabolic-syndrome.md
[DRY] → /Users/apple/Downloads/nutritioncolours/src/content/locations/warangal-insulin-resistance.md
[DRY] → /Users/apple/Downloads/nutritioncolours/src/content/locations/warangal-dyslipidemia.md
[DRY] → /Users/apple/Downloads/nutritioncolours/src/content/locations/warangal-pcodpcos.md
[DRY] → /Users/apple/Downloads/nutritioncolours/src/content/locations/warangal-thyroid-dysregulation.md
[DRY] → /Users/apple/Downloads/nutritioncolours/src/content/locations/zahirabad-obesity.md
[DRY] → /Users/apple/Downloads/nutritioncolours/src/content/locations/zahirabad-insulin-resistance.md
[DRY] → /Users/apple/Downloads/nutritioncolours/src/content/locations/zahirabad-thyroid-dysregulation.md
[DRY] → /Users/apple/Downloads/nutritioncolours/src/content/locations/zahirabad-circadian-desynchrony.md
[DRY] → /Users/apple/Downloads/nutritioncolours/src/content/locations/along-obesity.md
[DRY] → /Users/apple/Downloads/nutritioncolours/src/content/locations/along-hypertension.md
[DRY] → /Users/apple/Downloads/nutritioncolours/src/content/locations/along-thyroid-dysregulation.md
[DRY] → /Users/apple/Downloads/nutritioncolours/src/content/locations/along-fatty-liver.md
[DRY] → /Users/apple/Downloads/nutritioncolours/src/content/locations/anini-obesity.md
[DRY] → /Users/apple/Downloads/nutritioncolours/src/content/locations/anini-hypertension.md
[DRY] → /Users/apple/Downloads/nutritioncolours/src/content/locations/anini-thyroid-dysregulation.md
[DRY] → /Users/apple/Downloads/nutritioncolours/src/content/locations/changlang-obesity.md
[DRY] → /Users/apple/Downloads/nutritioncolours/src/content/locations/changlang-thyroid-dysregulation.md
[DRY] → /Users/apple/Downloads/nutritioncolours/src/content/locations/changlang-metabolic-syndrome.md
[DRY] → /Users/apple/Downloads/nutritioncolours/src/content/locations/chaokham-type-2-diabetes.md
[DRY] → /Users/apple/Downloads/nutritioncolours/src/content/locations/chaokham-hypertension.md
[DRY] → /Users/apple/Downloads/nutritioncolours/src/content/locations/chaokham-thyroid-dysregulation.md
[DRY] → /Users/apple/Downloads/nutritioncolours/src/content/locations/daporizo-type-2-diabetes.md
[DRY] → /Users/apple/Downloads/nutritioncolours/src/content/locations/daporizo-obesity.md
[DRY] → /Users/apple/Downloads/nutritioncolours/src/content/locations/daporizo-pcodpcos.md
[DRY] → /Users/apple/Downloads/nutritioncolours/src/content/locations/daporizo-metabolic-syndrome.md
[DRY] → /Users/apple/Downloads/nutritioncolours/src/content/locations/deomali-insulin-resistance.md
[DRY] → /Users/apple/Downloads/nutritioncolours/src/content/locations/deomali-pcodpcos.md
[DRY] → /Users/apple/Downloads/nutritioncolours/src/content/locations/deomali-thyroid-dysregulation.md
[DRY] → /Users/apple/Downloads/nutritioncolours/src/content/locations/dirang-type-2-diabetes.md
[DRY] → /Users/apple/Downloads/nutritioncolours/src/content/locations/dirang-insulin-resistance.md
[DRY] → /Users/apple/Downloads/nutritioncolours/src/content/locations/dirang-fatty-liver.md
[DRY] → /Users/apple/Downloads/nutritioncolours/src/content/locations/dirang-metabolic-syndrome.md
[DRY] → /Users/apple/Downloads/nutritioncolours/src/content/locations/doimukh-insulin-resistance.md
[DRY] → /Users/apple/Downloads/nutritioncolours/src/content/locations/doimukh-pcodpcos.md
[DRY] → /Users/apple/Downloads/nutritioncolours/src/content/locations/doimukh-circadian-desynchrony.md
[DRY] → /Users/apple/Downloads/nutritioncolours/src/content/locations/hayuliyang-type-2-diabetes.md
[DRY] → /Users/apple/Downloads/nutritioncolours/src/content/locations/hayuliyang-pcodpcos.md
[DRY] → /Users/apple/Downloads/nutritioncolours/src/content/locations/hayuliyang-fatty-liver.md
[DRY] → /Users/apple/Downloads/nutritioncolours/src/content/locations/hayuliyang-metabolic-syndrome.md
[DRY] → /Users/apple/Downloads/nutritioncolours/src/content/locations/hill-top-type-2-diabetes.md
[DRY] → /Users/apple/Downloads/nutritioncolours/src/content/locations/hill-top-obesity.md
[DRY] → /Users/apple/Downloads/nutritioncolours/src/content/locations/hill-top-hypertension.md
[DRY] → /Users/apple/Downloads/nutritioncolours/src/content/locations/hill-top-insulin-resistance.md
[DRY] → /Users/apple/Downloads/nutritioncolours/src/content/locations/hill-top-dyslipidemia.md
[DRY] → /Users/apple/Downloads/nutritioncolours/src/content/locations/ingkiyong-hypertension.md
[DRY] → /Users/apple/Downloads/nutritioncolours/src/content/locations/ingkiyong-dyslipidemia.md
[DRY] → /Users/apple/Downloads/nutritioncolours/src/content/locations/ingkiyong-pcodpcos.md
[DRY] → /Users/apple/Downloads/nutritioncolours/src/content/locations/ingkiyong-circadian-desynchrony.md
[DRY] → /Users/apple/Downloads/nutritioncolours/src/content/locations/ingkiyong-metabolic-syndrome.md
[DRY] → /Users/apple/Downloads/nutritioncolours/src/content/locations/itanagar-gpo-obesity.md
[DRY] → /Users/apple/Downloads/nutritioncolours/src/content/locations/itanagar-gpo-dyslipidemia.md
[DRY] → /Users/apple/Downloads/nutritioncolours/src/content/locations/itanagar-gpo-metabolic-syndrome.md
[DRY] → /Users/apple/Downloads/nutritioncolours/src/content/locations/kalkalang-type-2-diabetes.md
[DRY] → /Users/apple/Downloads/nutritioncolours/src/content/locations/kalkalang-insulin-resistance.md
[DRY] → /Users/apple/Downloads/nutritioncolours/src/content/locations/kalkalang-fatty-liver.md
[DRY] → /Users/apple/Downloads/nutritioncolours/src/content/locations/kalkalang-circadian-desynchrony.md
[DRY] → /Users/apple/Downloads/nutritioncolours/src/content/locations/khousa-obesity.md
[DRY] → /Users/apple/Downloads/nutritioncolours/src/content/locations/khousa-pcodpcos.md
[DRY] → /Users/apple/Downloads/nutritioncolours/src/content/locations/khousa-thyroid-dysregulation.md
[DRY] → /Users/apple/Downloads/nutritioncolours/src/content/locations/khousa-metabolic-syndrome.md
[DRY] → /Users/apple/Downloads/nutritioncolours/src/content/locations/kimin-pcodpcos.md
[DRY] → /Users/apple/Downloads/nutritioncolours/src/content/locations/kimin-fatty-liver.md
[DRY] → /Users/apple/Downloads/nutritioncolours/src/content/locations/langding-type-2-diabetes.md
[DRY] → /Users/apple/Downloads/nutritioncolours/src/content/locations/langding-insulin-resistance.md
[DRY] → /Users/apple/Downloads/nutritioncolours/src/content/locations/likabili-pcodpcos.md
[DRY] → /Users/apple/Downloads/nutritioncolours/src/content/locations/likabili-thyroid-dysregulation.md
[DRY] → /Users/apple/Downloads/nutritioncolours/src/content/locations/likabili-fatty-liver.md
[DRY] → /Users/apple/Downloads/nutritioncolours/src/content/locations/likabili-circadian-desynchrony.md
[DRY] → /Users/apple/Downloads/nutritioncolours/src/content/locations/mebo-obesity.md
[DRY] → /Users/apple/Downloads/nutritioncolours/src/content/locations/mebo-dyslipidemia.md
[DRY] → /Users/apple/Downloads/nutritioncolours/src/content/locations/mebo-circadian-desynchrony.md
[DRY] → /Users/apple/Downloads/nutritioncolours/src/content/locations/mechuka-obesity.md
[DRY] → /Users/apple/Downloads/nutritioncolours/src/content/locations/mechuka-hypertension.md
[DRY] → /Users/apple/Downloads/nutritioncolours/src/content/locations/mechuka-thyroid-dysregulation.md
[DRY] → /Users/apple/Downloads/nutritioncolours/src/content/locations/meeo-type-2-diabetes.md
[DRY] → /Users/apple/Downloads/nutritioncolours/src/content/locations/meeo-metabolic-syndrome.md
[DRY] → /Users/apple/Downloads/nutritioncolours/src/content/locations/naharlagon-hypertension.md
[DRY] → /Users/apple/Downloads/nutritioncolours/src/content/locations/naharlagon-dyslipidemia.md
[DRY] → /Users/apple/Downloads/nutritioncolours/src/content/locations/naharlagon-pcodpcos.md
[DRY] → /Users/apple/Downloads/nutritioncolours/src/content/locations/naharlagon-circadian-desynchrony.md
[DRY] → /Users/apple/Downloads/nutritioncolours/src/content/locations/nampong-insulin-resistance.md
[DRY] → /Users/apple/Downloads/nutritioncolours/src/content/locations/nampong-dyslipidemia.md
[DRY] → /Users/apple/Downloads/nutritioncolours/src/content/locations/nampong-fatty-liver.md
[DRY] → /Users/apple/Downloads/nutritioncolours/src/content/locations/namsai-obesity.md
[DRY] → /Users/apple/Downloads/nutritioncolours/src/content/locations/namsai-insulin-resistance.md
[DRY] → /Users/apple/Downloads/nutritioncolours/src/content/locations/namsai-dyslipidemia.md
[DRY] → /Users/apple/Downloads/nutritioncolours/src/content/locations/namsai-pcodpcos.md
[DRY] → /Users/apple/Downloads/nutritioncolours/src/content/locations/namsai-thyroid-dysregulation.md
[DRY] → /Users/apple/Downloads/nutritioncolours/src/content/locations/nirjuli-dyslipidemia.md
[DRY] → /Users/apple/Downloads/nutritioncolours/src/content/locations/nirjuli-pcodpcos.md
[DRY] → /Users/apple/Downloads/nutritioncolours/src/content/locations/nirjuli-thyroid-dysregulation.md
[DRY] → /Users/apple/Downloads/nutritioncolours/src/content/locations/nirjuli-circadian-desynchrony.md
[DRY] → /Users/apple/Downloads/nutritioncolours/src/content/locations/pasighat-type-2-diabetes.md
[DRY] → /Users/apple/Downloads/nutritioncolours/src/content/locations/pasighat-dyslipidemia.md
[DRY] → /Users/apple/Downloads/nutritioncolours/src/content/locations/pasighat-pcodpcos.md
[DRY] → /Users/apple/Downloads/nutritioncolours/src/content/locations/ramkrishna-mission-type-2-diabetes.md
[DRY] → /Users/apple/Downloads/nutritioncolours/src/content/locations/ramkrishna-mission-dyslipidemia.md
[DRY] → /Users/apple/Downloads/nutritioncolours/src/content/locations/ramkrishna-mission-circadian-desynchrony.md
[DRY] → /Users/apple/Downloads/nutritioncolours/src/content/locations/roing-obesity.md
[DRY] → /Users/apple/Downloads/nutritioncolours/src/content/locations/roing-pcodpcos.md
[DRY] → /Users/apple/Downloads/nutritioncolours/src/content/locations/roing-metabolic-syndrome.md
[DRY] → /Users/apple/Downloads/nutritioncolours/src/content/locations/saijussa-obesity.md
[DRY] → /Users/apple/Downloads/nutritioncolours/src/content/locations/saijussa-hypertension.md
[DRY] → /Users/apple/Downloads/nutritioncolours/src/content/locations/saijussa-pcodpcos.md
[DRY] → /Users/apple/Downloads/nutritioncolours/src/content/locations/senpura-obesity.md
[DRY] → /Users/apple/Downloads/nutritioncolours/src/content/locations/senpura-insulin-resistance.md
[DRY] → /Users/apple/Downloads/nutritioncolours/src/content/locations/senpura-circadian-desynchrony.md
[DRY] → /Users/apple/Downloads/nutritioncolours/src/content/locations/seppa-obesity.md
[DRY] → /Users/apple/Downloads/nutritioncolours/src/content/locations/seppa-insulin-resistance.md
[DRY] → /Users/apple/Downloads/nutritioncolours/src/content/locations/seppa-dyslipidemia.md
[DRY] → /Users/apple/Downloads/nutritioncolours/src/content/locations/seppa-thyroid-dysregulation.md
[DRY] → /Users/apple/Downloads/nutritioncolours/src/content/locations/seppa-fatty-liver.md
[DRY] → /Users/apple/Downloads/nutritioncolours/src/content/locations/vijay-nagar-type-2-diabetes.md
[DRY] → /Users/apple/Downloads/nutritioncolours/src/content/locations/vijay-nagar-hypertension.md
[DRY] → /Users/apple/Downloads/nutritioncolours/src/content/locations/vijay-nagar-insulin-resistance.md
[DRY] → /Users/apple/Downloads/nutritioncolours/src/content/locations/vijay-nagar-metabolic-syndrome.md
[DRY] → /Users/apple/Downloads/nutritioncolours/src/content/locations/barpeta-type-2-diabetes.md
[DRY] → /Users/apple/Downloads/nutritioncolours/src/content/locations/barpeta-obesity.md
[DRY] → /Users/apple/Downloads/nutritioncolours/src/content/locations/barpeta-hypertension.md
[DRY] → /Users/apple/Downloads/nutritioncolours/src/content/locations/barpeta-circadian-desynchrony.md
[DRY] → /Users/apple/Downloads/nutritioncolours/src/content/locations/dhubri-obesity.md
[DRY] → /Users/apple/Downloads/nutritioncolours/src/content/locations/dhubri-hypertension.md
[DRY] → /Users/apple/Downloads/nutritioncolours/src/content/locations/dhubri-dyslipidemia.md
[DRY] → /Users/apple/Downloads/nutritioncolours/src/content/locations/dhubri-thyroid-dysregulation.md
[DRY] → /Users/apple/Downloads/nutritioncolours/src/content/locations/dibrugarh-obesity.md
[DRY] → /Users/apple/Downloads/nutritioncolours/src/content/locations/dibrugarh-insulin-resistance.md
[DRY] → /Users/apple/Downloads/nutritioncolours/src/content/locations/dibrugarh-pcodpcos.md
[DRY] → /Users/apple/Downloads/nutritioncolours/src/content/locations/dibrugarh-fatty-liver.md
[DRY] → /Users/apple/Downloads/nutritioncolours/src/content/locations/guwahati-insulin-resistance.md
[DRY] → /Users/apple/Downloads/nutritioncolours/src/content/locations/guwahati-dyslipidemia.md
[DRY] → /Users/apple/Downloads/nutritioncolours/src/content/locations/guwahati-circadian-desynchrony.md
[DRY] → /Users/apple/Downloads/nutritioncolours/src/content/locations/guwahati-metabolic-syndrome.md
[DRY] → /Users/apple/Downloads/nutritioncolours/src/content/locations/guwahati-university-type-2-diabetes.md
[DRY] → /Users/apple/Downloads/nutritioncolours/src/content/locations/guwahati-university-dyslipidemia.md
[DRY] → /Users/apple/Downloads/nutritioncolours/src/content/locations/guwahati-university-pcodpcos.md
[DRY] → /Users/apple/Downloads/nutritioncolours/src/content/locations/karimganj-pcodpcos.md
[DRY] → /Users/apple/Downloads/nutritioncolours/src/content/locations/karimganj-fatty-liver.md
[DRY] → /Users/apple/Downloads/nutritioncolours/src/content/locations/karimganj-circadian-desynchrony.md
[DRY] → /Users/apple/Downloads/nutritioncolours/src/content/locations/mangaldoi-hypertension.md
[DRY] → /Users/apple/Downloads/nutritioncolours/src/content/locations/mangaldoi-dyslipidemia.md
[DRY] → /Users/apple/Downloads/nutritioncolours/src/content/locations/mangaldoi-pcodpcos.md
[DRY] → /Users/apple/Downloads/nutritioncolours/src/content/locations/mangaldoi-fatty-liver.md
[DRY] → /Users/apple/Downloads/nutritioncolours/src/content/locations/mangaldoi-circadian-desynchrony.md
[DRY] → /Users/apple/Downloads/nutritioncolours/src/content/locations/nagaon-hypertension.md
[DRY] → /Users/apple/Downloads/nutritioncolours/src/content/locations/nagaon-dyslipidemia.md
[DRY] → /Users/apple/Downloads/nutritioncolours/src/content/locations/nagaon-pcodpcos.md
[DRY] → /Users/apple/Downloads/nutritioncolours/src/content/locations/nagaon-fatty-liver.md
[DRY] → /Users/apple/Downloads/nutritioncolours/src/content/locations/nalbari-hypertension.md
[DRY] → /Users/apple/Downloads/nutritioncolours/src/content/locations/nalbari-pcodpcos.md
[DRY] → /Users/apple/Downloads/nutritioncolours/src/content/locations/nalbari-thyroid-dysregulation.md
[DRY] → /Users/apple/Downloads/nutritioncolours/src/content/locations/nalbari-circadian-desynchrony.md
[DRY] → /Users/apple/Downloads/nutritioncolours/src/content/locations/north-lakhimpur-insulin-resistance.md
[DRY] → /Users/apple/Downloads/nutritioncolours/src/content/locations/north-lakhimpur-fatty-liver.md
[DRY] → /Users/apple/Downloads/nutritioncolours/src/content/locations/north-lakhimpur-metabolic-syndrome.md
[DRY] → /Users/apple/Downloads/nutritioncolours/src/content/locations/sibsagar-circadian-desynchrony.md
[DRY] → /Users/apple/Downloads/nutritioncolours/src/content/locations/sibsagar-metabolic-syndrome.md
[DRY] → /Users/apple/Downloads/nutritioncolours/src/content/locations/silchar-hypertension.md
[DRY] → /Users/apple/Downloads/nutritioncolours/src/content/locations/silchar-insulin-resistance.md
[DRY] → /Users/apple/Downloads/nutritioncolours/src/content/locations/silchar-pcodpcos.md
[DRY] → /Users/apple/Downloads/nutritioncolours/src/content/locations/tezpur-type-2-diabetes.md
[DRY] → /Users/apple/Downloads/nutritioncolours/src/content/locations/tezpur-hypertension.md
[DRY] → /Users/apple/Downloads/nutritioncolours/src/content/locations/tezpur-fatty-liver.md
[DRY] → /Users/apple/Downloads/nutritioncolours/src/content/locations/tinsukia-obesity.md
[DRY] → /Users/apple/Downloads/nutritioncolours/src/content/locations/tinsukia-dyslipidemia.md
[DRY] → /Users/apple/Downloads/nutritioncolours/src/content/locations/tinsukia-fatty-liver.md
[DRY] → /Users/apple/Downloads/nutritioncolours/src/content/locations/arrah-obesity.md
[DRY] → /Users/apple/Downloads/nutritioncolours/src/content/locations/arrah-dyslipidemia.md
[DRY] → /Users/apple/Downloads/nutritioncolours/src/content/locations/arrah-pcodpcos.md
[DRY] → /Users/apple/Downloads/nutritioncolours/src/content/locations/aurangabad-hypertension.md
[DRY] → /Users/apple/Downloads/nutritioncolours/src/content/locations/aurangabad-insulin-resistance.md
[DRY] → /Users/apple/Downloads/nutritioncolours/src/content/locations/aurangabad-dyslipidemia.md
[DRY] → /Users/apple/Downloads/nutritioncolours/src/content/locations/aurangabad-pcodpcos.md
[DRY] → /Users/apple/Downloads/nutritioncolours/src/content/locations/aurangabad-thyroid-dysregulation.md
[DRY] → /Users/apple/Downloads/nutritioncolours/src/content/locations/baidyanadh-deoghar-type-2-diabetes.md
[DRY] → /Users/apple/Downloads/nutritioncolours/src/content/locations/baidyanadh-deoghar-thyroid-dysregulation.md
[DRY] → /Users/apple/Downloads/nutritioncolours/src/content/locations/baidyanadh-deoghar-metabolic-syndrome.md
[DRY] → /Users/apple/Downloads/nutritioncolours/src/content/locations/banka-obesity.md
[DRY] → /Users/apple/Downloads/nutritioncolours/src/content/locations/banka-insulin-resistance.md
[DRY] → /Users/apple/Downloads/nutritioncolours/src/content/locations/banka-fatty-liver.md
[DRY] → /Users/apple/Downloads/nutritioncolours/src/content/locations/begusarai-obesity.md
[DRY] → /Users/apple/Downloads/nutritioncolours/src/content/locations/begusarai-hypertension.md
[DRY] → /Users/apple/Downloads/nutritioncolours/src/content/locations/begusarai-thyroid-dysregulation.md
[DRY] → /Users/apple/Downloads/nutritioncolours/src/content/locations/begusarai-circadian-desynchrony.md
[DRY] → /Users/apple/Downloads/nutritioncolours/src/content/locations/bettaih-type-2-diabetes.md
[DRY] → /Users/apple/Downloads/nutritioncolours/src/content/locations/bettaih-hypertension.md
[DRY] → /Users/apple/Downloads/nutritioncolours/src/content/locations/bettaih-insulin-resistance.md
[DRY] → /Users/apple/Downloads/nutritioncolours/src/content/locations/bettaih-pcodpcos.md
[DRY] → /Users/apple/Downloads/nutritioncolours/src/content/locations/bettaih-thyroid-dysregulation.md
[DRY] → /Users/apple/Downloads/nutritioncolours/src/content/locations/bhagalpur-dyslipidemia.md
[DRY] → /Users/apple/Downloads/nutritioncolours/src/content/locations/bhagalpur-pcodpcos.md
[DRY] → /Users/apple/Downloads/nutritioncolours/src/content/locations/bhagalpur-metabolic-syndrome.md
[DRY] → /Users/apple/Downloads/nutritioncolours/src/content/locations/bhattason-type-2-diabetes.md
[DRY] → /Users/apple/Downloads/nutritioncolours/src/content/locations/bhattason-obesity.md
[DRY] → /Users/apple/Downloads/nutritioncolours/src/content/locations/bhattason-fatty-liver.md
[DRY] → /Users/apple/Downloads/nutritioncolours/src/content/locations/bhattason-circadian-desynchrony.md
[DRY] → /Users/apple/Downloads/nutritioncolours/src/content/locations/bihar-shariff-pcodpcos.md
[DRY] → /Users/apple/Downloads/nutritioncolours/src/content/locations/bihar-shariff-thyroid-dysregulation.md
[DRY] → /Users/apple/Downloads/nutritioncolours/src/content/locations/bihar-shariff-fatty-liver.md
[DRY] → /Users/apple/Downloads/nutritioncolours/src/content/locations/bihar-shariff-metabolic-syndrome.md
[DRY] → /Users/apple/Downloads/nutritioncolours/src/content/locations/bokaro-steel-city-type-2-diabetes.md
[DRY] → /Users/apple/Downloads/nutritioncolours/src/content/locations/bokaro-steel-city-obesity.md
[DRY] → /Users/apple/Downloads/nutritioncolours/src/content/locations/bokaro-steel-city-hypertension.md
[DRY] → /Users/apple/Downloads/nutritioncolours/src/content/locations/bokaro-steel-city-metabolic-syndrome.md
[DRY] → /Users/apple/Downloads/nutritioncolours/src/content/locations/buzar-type-2-diabetes.md
[DRY] → /Users/apple/Downloads/nutritioncolours/src/content/locations/buzar-insulin-resistance.md
[DRY] → /Users/apple/Downloads/nutritioncolours/src/content/locations/buzar-thyroid-dysregulation.md
[DRY] → /Users/apple/Downloads/nutritioncolours/src/content/locations/buzar-fatty-liver.md
[DRY] → /Users/apple/Downloads/nutritioncolours/src/content/locations/chaibasa-type-2-diabetes.md
[DRY] → /Users/apple/Downloads/nutritioncolours/src/content/locations/chaibasa-obesity.md
[DRY] → /Users/apple/Downloads/nutritioncolours/src/content/locations/chaibasa-insulin-resistance.md
[DRY] → /Users/apple/Downloads/nutritioncolours/src/content/locations/chaibasa-pcodpcos.md
[DRY] → /Users/apple/Downloads/nutritioncolours/src/content/locations/chaibasa-fatty-liver.md
[DRY] → /Users/apple/Downloads/nutritioncolours/src/content/locations/chapra-insulin-resistance.md
[DRY] → /Users/apple/Downloads/nutritioncolours/src/content/locations/chapra-pcodpcos.md
[DRY] → /Users/apple/Downloads/nutritioncolours/src/content/locations/chapra-fatty-liver.md
[DRY] → /Users/apple/Downloads/nutritioncolours/src/content/locations/chapra-circadian-desynchrony.md
[DRY] → /Users/apple/Downloads/nutritioncolours/src/content/locations/daltonganj-thyroid-dysregulation.md
[DRY] → /Users/apple/Downloads/nutritioncolours/src/content/locations/daltonganj-circadian-desynchrony.md
[DRY] → /Users/apple/Downloads/nutritioncolours/src/content/locations/daltonganj-metabolic-syndrome.md
[DRY] → /Users/apple/Downloads/nutritioncolours/src/content/locations/darbhanga-type-2-diabetes.md
[DRY] → /Users/apple/Downloads/nutritioncolours/src/content/locations/darbhanga-dyslipidemia.md
[DRY] → /Users/apple/Downloads/nutritioncolours/src/content/locations/darbhanga-pcodpcos.md
[DRY] → /Users/apple/Downloads/nutritioncolours/src/content/locations/darbhanga-fatty-liver.md
[DRY] → /Users/apple/Downloads/nutritioncolours/src/content/locations/darbhanga-circadian-desynchrony.md
[DRY] → /Users/apple/Downloads/nutritioncolours/src/content/locations/dhanbad-dyslipidemia.md
[DRY] → /Users/apple/Downloads/nutritioncolours/src/content/locations/dhanbad-pcodpcos.md
[DRY] → /Users/apple/Downloads/nutritioncolours/src/content/locations/dhanbad-metabolic-syndrome.md
[DRY] → /Users/apple/Downloads/nutritioncolours/src/content/locations/dumka-obesity.md
[DRY] → /Users/apple/Downloads/nutritioncolours/src/content/locations/dumka-dyslipidemia.md
[DRY] → /Users/apple/Downloads/nutritioncolours/src/content/locations/dumka-circadian-desynchrony.md
[DRY] → /Users/apple/Downloads/nutritioncolours/src/content/locations/gaya-obesity.md
[DRY] → /Users/apple/Downloads/nutritioncolours/src/content/locations/gaya-pcodpcos.md
[DRY] → /Users/apple/Downloads/nutritioncolours/src/content/locations/gaya-circadian-desynchrony.md
[DRY] → /Users/apple/Downloads/nutritioncolours/src/content/locations/giridih-type-2-diabetes.md
[DRY] → /Users/apple/Downloads/nutritioncolours/src/content/locations/giridih-obesity.md
[DRY] → /Users/apple/Downloads/nutritioncolours/src/content/locations/giridih-insulin-resistance.md
[DRY] → /Users/apple/Downloads/nutritioncolours/src/content/locations/gopalganj-insulin-resistance.md
[DRY] → /Users/apple/Downloads/nutritioncolours/src/content/locations/gopalganj-dyslipidemia.md
[DRY] → /Users/apple/Downloads/nutritioncolours/src/content/locations/gopalganj-pcodpcos.md
[DRY] → /Users/apple/Downloads/nutritioncolours/src/content/locations/gopalganj-fatty-liver.md
[DRY] → /Users/apple/Downloads/nutritioncolours/src/content/locations/gumla-dyslipidemia.md
[DRY] → /Users/apple/Downloads/nutritioncolours/src/content/locations/gumla-circadian-desynchrony.md
[DRY] → /Users/apple/Downloads/nutritioncolours/src/content/locations/hajipur-pcodpcos.md
[DRY] → /Users/apple/Downloads/nutritioncolours/src/content/locations/hajipur-thyroid-dysregulation.md
[DRY] → /Users/apple/Downloads/nutritioncolours/src/content/locations/hajipur-fatty-liver.md
[DRY] → /Users/apple/Downloads/nutritioncolours/src/content/locations/hazaribagh-obesity.md
[DRY] → /Users/apple/Downloads/nutritioncolours/src/content/locations/hazaribagh-insulin-resistance.md
[DRY] → /Users/apple/Downloads/nutritioncolours/src/content/locations/hazaribagh-circadian-desynchrony.md
[DRY] → /Users/apple/Downloads/nutritioncolours/src/content/locations/hinoo-thyroid-dysregulation.md
[DRY] → /Users/apple/Downloads/nutritioncolours/src/content/locations/hinoo-fatty-liver.md
[DRY] → /Users/apple/Downloads/nutritioncolours/src/content/locations/hinoo-circadian-desynchrony.md
[DRY] → /Users/apple/Downloads/nutritioncolours/src/content/locations/hinoo-metabolic-syndrome.md
[DRY] → /Users/apple/Downloads/nutritioncolours/src/content/locations/kathihar-dyslipidemia.md
[DRY] → /Users/apple/Downloads/nutritioncolours/src/content/locations/kathihar-pcodpcos.md
[DRY] → /Users/apple/Downloads/nutritioncolours/src/content/locations/kathihar-circadian-desynchrony.md
[DRY] → /Users/apple/Downloads/nutritioncolours/src/content/locations/laheriasarai-type-2-diabetes.md
[DRY] → /Users/apple/Downloads/nutritioncolours/src/content/locations/laheriasarai-pcodpcos.md
[DRY] → /Users/apple/Downloads/nutritioncolours/src/content/locations/laheriasarai-thyroid-dysregulation.md
[DRY] → /Users/apple/Downloads/nutritioncolours/src/content/locations/madhubani-obesity.md
[DRY] → /Users/apple/Downloads/nutritioncolours/src/content/locations/madhubani-circadian-desynchrony.md
[DRY] → /Users/apple/Downloads/nutritioncolours/src/content/locations/madhubani-metabolic-syndrome.md
[DRY] → /Users/apple/Downloads/nutritioncolours/src/content/locations/marhowrah-obesity.md
[DRY] → /Users/apple/Downloads/nutritioncolours/src/content/locations/marhowrah-insulin-resistance.md
[DRY] → /Users/apple/Downloads/nutritioncolours/src/content/locations/marhowrah-pcodpcos.md
[DRY] → /Users/apple/Downloads/nutritioncolours/src/content/locations/marhowrah-fatty-liver.md
[DRY] → /Users/apple/Downloads/nutritioncolours/src/content/locations/monghyr-pcodpcos.md
[DRY] → /Users/apple/Downloads/nutritioncolours/src/content/locations/monghyr-metabolic-syndrome.md
[DRY] → /Users/apple/Downloads/nutritioncolours/src/content/locations/motihari-type-2-diabetes.md
[DRY] → /Users/apple/Downloads/nutritioncolours/src/content/locations/motihari-insulin-resistance.md
[DRY] → /Users/apple/Downloads/nutritioncolours/src/content/locations/motihari-metabolic-syndrome.md
[DRY] → /Users/apple/Downloads/nutritioncolours/src/content/locations/muzaffarpur-type-2-diabetes.md
[DRY] → /Users/apple/Downloads/nutritioncolours/src/content/locations/muzaffarpur-hypertension.md
[DRY] → /Users/apple/Downloads/nutritioncolours/src/content/locations/nawada-type-2-diabetes.md
[DRY] → /Users/apple/Downloads/nutritioncolours/src/content/locations/nawada-hypertension.md
[DRY] → /Users/apple/Downloads/nutritioncolours/src/content/locations/nawada-fatty-liver.md
[DRY] → /Users/apple/Downloads/nutritioncolours/src/content/locations/patna-gpo-type-2-diabetes.md
[DRY] → /Users/apple/Downloads/nutritioncolours/src/content/locations/patna-gpo-hypertension.md
[DRY] → /Users/apple/Downloads/nutritioncolours/src/content/locations/patna-gpo-metabolic-syndrome.md
[DRY] → /Users/apple/Downloads/nutritioncolours/src/content/locations/purnea-insulin-resistance.md
[DRY] → /Users/apple/Downloads/nutritioncolours/src/content/locations/purnea-circadian-desynchrony.md
[DRY] → /Users/apple/Downloads/nutritioncolours/src/content/locations/purnea-metabolic-syndrome.md
[DRY] → /Users/apple/Downloads/nutritioncolours/src/content/locations/ramgarh-cantt-hypertension.md
[DRY] → /Users/apple/Downloads/nutritioncolours/src/content/locations/ramgarh-cantt-insulin-resistance.md
[DRY] → /Users/apple/Downloads/nutritioncolours/src/content/locations/ramgarh-cantt-dyslipidemia.md
[DRY] → /Users/apple/Downloads/nutritioncolours/src/content/locations/ramgarh-cantt-fatty-liver.md
[DRY] → /Users/apple/Downloads/nutritioncolours/src/content/locations/ranchi-circadian-desynchrony.md
[DRY] → /Users/apple/Downloads/nutritioncolours/src/content/locations/saharsa-dyslipidemia.md
[DRY] → /Users/apple/Downloads/nutritioncolours/src/content/locations/saharsa-thyroid-dysregulation.md
[DRY] → /Users/apple/Downloads/nutritioncolours/src/content/locations/saharsa-metabolic-syndrome.md
[DRY] → /Users/apple/Downloads/nutritioncolours/src/content/locations/samastipur-pcodpcos.md
[DRY] → /Users/apple/Downloads/nutritioncolours/src/content/locations/samastipur-circadian-desynchrony.md
[DRY] → /Users/apple/Downloads/nutritioncolours/src/content/locations/sasaram-insulin-resistance.md
[DRY] → /Users/apple/Downloads/nutritioncolours/src/content/locations/sasaram-dyslipidemia.md
[DRY] → /Users/apple/Downloads/nutritioncolours/src/content/locations/sasaram-pcodpcos.md
[DRY] → /Users/apple/Downloads/nutritioncolours/src/content/locations/sasaram-circadian-desynchrony.md
[DRY] → /Users/apple/Downloads/nutritioncolours/src/content/locations/sitamarhi-dyslipidemia.md
[DRY] → /Users/apple/Downloads/nutritioncolours/src/content/locations/sitamarhi-fatty-liver.md
[DRY] → /Users/apple/Downloads/nutritioncolours/src/content/locations/siwan-insulin-resistance.md
[DRY] → /Users/apple/Downloads/nutritioncolours/src/content/locations/siwan-fatty-liver.md
[DRY] → /Users/apple/Downloads/nutritioncolours/src/content/locations/siwan-metabolic-syndrome.md
[DRY] → /Users/apple/Downloads/nutritioncolours/src/content/locations/ahmedabad-hypertension.md
[DRY] → /Users/apple/Downloads/nutritioncolours/src/content/locations/ahmedabad-dyslipidemia.md
[DRY] → /Users/apple/Downloads/nutritioncolours/src/content/locations/ahmedabad-thyroid-dysregulation.md
[DRY] → /Users/apple/Downloads/nutritioncolours/src/content/locations/amreli-type-2-diabetes.md
[DRY] → /Users/apple/Downloads/nutritioncolours/src/content/locations/amreli-obesity.md
[DRY] → /Users/apple/Downloads/nutritioncolours/src/content/locations/amreli-hypertension.md
[DRY] → /Users/apple/Downloads/nutritioncolours/src/content/locations/amreli-pcodpcos.md
[DRY] → /Users/apple/Downloads/nutritioncolours/src/content/locations/anand-obesity.md
[DRY] → /Users/apple/Downloads/nutritioncolours/src/content/locations/anand-dyslipidemia.md
[DRY] → /Users/apple/Downloads/nutritioncolours/src/content/locations/anand-pcodpcos.md
[DRY] → /Users/apple/Downloads/nutritioncolours/src/content/locations/bharuch-type-2-diabetes.md
[DRY] → /Users/apple/Downloads/nutritioncolours/src/content/locations/bharuch-hypertension.md
[DRY] → /Users/apple/Downloads/nutritioncolours/src/content/locations/bharuch-dyslipidemia.md
[DRY] → /Users/apple/Downloads/nutritioncolours/src/content/locations/bharuch-metabolic-syndrome.md
[DRY] → /Users/apple/Downloads/nutritioncolours/src/content/locations/bhavnagar-insulin-resistance.md
[DRY] → /Users/apple/Downloads/nutritioncolours/src/content/locations/bhavnagar-dyslipidemia.md
[DRY] → /Users/apple/Downloads/nutritioncolours/src/content/locations/bhavnagar-pcodpcos.md
[DRY] → /Users/apple/Downloads/nutritioncolours/src/content/locations/bhavnagar-thyroid-dysregulation.md
[DRY] → /Users/apple/Downloads/nutritioncolours/src/content/locations/bhuj-pcodpcos.md
[DRY] → /Users/apple/Downloads/nutritioncolours/src/content/locations/bhuj-metabolic-syndrome.md
[DRY] → /Users/apple/Downloads/nutritioncolours/src/content/locations/bilimora-type-2-diabetes.md
[DRY] → /Users/apple/Downloads/nutritioncolours/src/content/locations/bilimora-obesity.md
[DRY] → /Users/apple/Downloads/nutritioncolours/src/content/locations/bilimora-dyslipidemia.md
[DRY] → /Users/apple/Downloads/nutritioncolours/src/content/locations/bilimora-circadian-desynchrony.md
[DRY] → /Users/apple/Downloads/nutritioncolours/src/content/locations/bordoli-obesity.md
[DRY] → /Users/apple/Downloads/nutritioncolours/src/content/locations/bordoli-hypertension.md
[DRY] → /Users/apple/Downloads/nutritioncolours/src/content/locations/bordoli-dyslipidemia.md
[DRY] → /Users/apple/Downloads/nutritioncolours/src/content/locations/bordoli-pcodpcos.md
[DRY] → /Users/apple/Downloads/nutritioncolours/src/content/locations/botad-hypertension.md
[DRY] → /Users/apple/Downloads/nutritioncolours/src/content/locations/botad-fatty-liver.md
[DRY] → /Users/apple/Downloads/nutritioncolours/src/content/locations/dabhoi-insulin-resistance.md
[DRY] → /Users/apple/Downloads/nutritioncolours/src/content/locations/dabhoi-fatty-liver.md
[DRY] → /Users/apple/Downloads/nutritioncolours/src/content/locations/dabhoi-metabolic-syndrome.md
[DRY] → /Users/apple/Downloads/nutritioncolours/src/content/locations/dahod-obesity.md
[DRY] → /Users/apple/Downloads/nutritioncolours/src/content/locations/dahod-dyslipidemia.md
[DRY] → /Users/apple/Downloads/nutritioncolours/src/content/locations/dahod-pcodpcos.md
[DRY] → /Users/apple/Downloads/nutritioncolours/src/content/locations/dahod-metabolic-syndrome.md
[DRY] → /Users/apple/Downloads/nutritioncolours/src/content/locations/dholka-hypertension.md
[DRY] → /Users/apple/Downloads/nutritioncolours/src/content/locations/dholka-dyslipidemia.md
[DRY] → /Users/apple/Downloads/nutritioncolours/src/content/locations/dholka-thyroid-dysregulation.md
[DRY] → /Users/apple/Downloads/nutritioncolours/src/content/locations/aio-donna-paula-insulin-resistance.md
[DRY] → /Users/apple/Downloads/nutritioncolours/src/content/locations/aio-donna-paula-dyslipidemia.md
[DRY] → /Users/apple/Downloads/nutritioncolours/src/content/locations/aio-donna-paula-thyroid-dysregulation.md
[DRY] → /Users/apple/Downloads/nutritioncolours/src/content/locations/aldona-type-2-diabetes.md
[DRY] → /Users/apple/Downloads/nutritioncolours/src/content/locations/aldona-obesity.md
[DRY] → /Users/apple/Downloads/nutritioncolours/src/content/locations/aldona-hypertension.md
[DRY] → /Users/apple/Downloads/nutritioncolours/src/content/locations/aldona-dyslipidemia.md
[DRY] → /Users/apple/Downloads/nutritioncolours/src/content/locations/aldona-thyroid-dysregulation.md
[DRY] → /Users/apple/Downloads/nutritioncolours/src/content/locations/betul-hypertension.md
[DRY] → /Users/apple/Downloads/nutritioncolours/src/content/locations/betul-thyroid-dysregulation.md
[DRY] → /Users/apple/Downloads/nutritioncolours/src/content/locations/betul-circadian-desynchrony.md
[DRY] → /Users/apple/Downloads/nutritioncolours/src/content/locations/betul-metabolic-syndrome.md
[DRY] → /Users/apple/Downloads/nutritioncolours/src/content/locations/chikhli-type-2-diabetes.md
[DRY] → /Users/apple/Downloads/nutritioncolours/src/content/locations/chikhli-dyslipidemia.md
[DRY] → /Users/apple/Downloads/nutritioncolours/src/content/locations/chikhli-pcodpcos.md
[DRY] → /Users/apple/Downloads/nutritioncolours/src/content/locations/chikhli-metabolic-syndrome.md
[DRY] → /Users/apple/Downloads/nutritioncolours/src/content/locations/dhampur-insulin-resistance.md
[DRY] → /Users/apple/Downloads/nutritioncolours/src/content/locations/dhampur-circadian-desynchrony.md
[DRY] → /Users/apple/Downloads/nutritioncolours/src/content/locations/dhampur-metabolic-syndrome.md
[DRY] → /Users/apple/Downloads/nutritioncolours/src/content/locations/dicholi-obesity.md
[DRY] → /Users/apple/Downloads/nutritioncolours/src/content/locations/dicholi-insulin-resistance.md
[DRY] → /Users/apple/Downloads/nutritioncolours/src/content/locations/dicholi-fatty-liver.md
[DRY] → /Users/apple/Downloads/nutritioncolours/src/content/locations/dicholi-circadian-desynchrony.md
[DRY] → /Users/apple/Downloads/nutritioncolours/src/content/locations/kandoli-dyslipidemia.md
[DRY] → /Users/apple/Downloads/nutritioncolours/src/content/locations/kandoli-pcodpcos.md
[DRY] → /Users/apple/Downloads/nutritioncolours/src/content/locations/kandoli-circadian-desynchrony.md
[DRY] → /Users/apple/Downloads/nutritioncolours/src/content/locations/kantolim-fatty-liver.md
[DRY] → /Users/apple/Downloads/nutritioncolours/src/content/locations/kantolim-circadian-desynchrony.md
[DRY] → /Users/apple/Downloads/nutritioncolours/src/content/locations/kasavali-obesity.md
[DRY] → /Users/apple/Downloads/nutritioncolours/src/content/locations/kasavali-dyslipidemia.md
[DRY] → /Users/apple/Downloads/nutritioncolours/src/content/locations/kasavali-fatty-liver.md
[DRY] → /Users/apple/Downloads/nutritioncolours/src/content/locations/kavlem-obesity.md
[DRY] → /Users/apple/Downloads/nutritioncolours/src/content/locations/kavlem-insulin-resistance.md
[DRY] → /Users/apple/Downloads/nutritioncolours/src/content/locations/kavlem-dyslipidemia.md
[DRY] → /Users/apple/Downloads/nutritioncolours/src/content/locations/kavlem-pcodpcos.md
[DRY] → /Users/apple/Downloads/nutritioncolours/src/content/locations/kuvep-obesity.md
[DRY] → /Users/apple/Downloads/nutritioncolours/src/content/locations/kuvep-insulin-resistance.md
[DRY] → /Users/apple/Downloads/nutritioncolours/src/content/locations/kuvep-thyroid-dysregulation.md
[DRY] → /Users/apple/Downloads/nutritioncolours/src/content/locations/kuvep-circadian-desynchrony.md
[DRY] → /Users/apple/Downloads/nutritioncolours/src/content/locations/loleim-obesity.md
[DRY] → /Users/apple/Downloads/nutritioncolours/src/content/locations/loleim-dyslipidemia.md
[DRY] → /Users/apple/Downloads/nutritioncolours/src/content/locations/loleim-pcodpcos.md
[DRY] → /Users/apple/Downloads/nutritioncolours/src/content/locations/majorda-thyroid-dysregulation.md
[DRY] → /Users/apple/Downloads/nutritioncolours/src/content/locations/majorda-circadian-desynchrony.md
[DRY] → /Users/apple/Downloads/nutritioncolours/src/content/locations/majorda-metabolic-syndrome.md
[DRY] → /Users/apple/Downloads/nutritioncolours/src/content/locations/mandgaon-gpo-hypertension.md
[DRY] → /Users/apple/Downloads/nutritioncolours/src/content/locations/mandgaon-gpo-circadian-desynchrony.md
[DRY] → /Users/apple/Downloads/nutritioncolours/src/content/locations/mepusa-type-2-diabetes.md
[DRY] → /Users/apple/Downloads/nutritioncolours/src/content/locations/mepusa-obesity.md
[DRY] → /Users/apple/Downloads/nutritioncolours/src/content/locations/mepusa-hypertension.md
[DRY] → /Users/apple/Downloads/nutritioncolours/src/content/locations/murgaon-dyslipidemia.md
[DRY] → /Users/apple/Downloads/nutritioncolours/src/content/locations/murgaon-pcodpcos.md
[DRY] → /Users/apple/Downloads/nutritioncolours/src/content/locations/murgaon-thyroid-dysregulation.md
[DRY] → /Users/apple/Downloads/nutritioncolours/src/content/locations/nevare-obesity.md
[DRY] → /Users/apple/Downloads/nutritioncolours/src/content/locations/nevare-hypertension.md
[DRY] → /Users/apple/Downloads/nutritioncolours/src/content/locations/nevare-pcodpcos.md
[DRY] → /Users/apple/Downloads/nutritioncolours/src/content/locations/nevare-metabolic-syndrome.md
[DRY] → /Users/apple/Downloads/nutritioncolours/src/content/locations/nuvem-type-2-diabetes.md
[DRY] → /Users/apple/Downloads/nutritioncolours/src/content/locations/nuvem-hypertension.md
[DRY] → /Users/apple/Downloads/nutritioncolours/src/content/locations/panaji-gpo-dyslipidemia.md
[DRY] → /Users/apple/Downloads/nutritioncolours/src/content/locations/panaji-gpo-metabolic-syndrome.md
[DRY] → /Users/apple/Downloads/nutritioncolours/src/content/locations/santacruz-hypertension.md
[DRY] → /Users/apple/Downloads/nutritioncolours/src/content/locations/santacruz-fatty-liver.md
[DRY] → /Users/apple/Downloads/nutritioncolours/src/content/locations/santacruz-circadian-desynchrony.md
[DRY] → /Users/apple/Downloads/nutritioncolours/src/content/locations/shiroda-type-2-diabetes.md
[DRY] → /Users/apple/Downloads/nutritioncolours/src/content/locations/shiroda-obesity.md
[DRY] → /Users/apple/Downloads/nutritioncolours/src/content/locations/shiroda-hypertension.md
[DRY] → /Users/apple/Downloads/nutritioncolours/src/content/locations/shiroda-thyroid-dysregulation.md
[DRY] → /Users/apple/Downloads/nutritioncolours/src/content/locations/shivali-obesity.md
[DRY] → /Users/apple/Downloads/nutritioncolours/src/content/locations/shivali-fatty-liver.md
[DRY] → /Users/apple/Downloads/nutritioncolours/src/content/locations/shivali-metabolic-syndrome.md
[DRY] → /Users/apple/Downloads/nutritioncolours/src/content/locations/tisk-obesity.md
[DRY] → /Users/apple/Downloads/nutritioncolours/src/content/locations/tisk-insulin-resistance.md
[DRY] → /Users/apple/Downloads/nutritioncolours/src/content/locations/tisk-metabolic-syndrome.md
[DRY] → /Users/apple/Downloads/nutritioncolours/src/content/locations/vasco-da-gama-obesity.md
[DRY] → /Users/apple/Downloads/nutritioncolours/src/content/locations/vasco-da-gama-insulin-resistance.md
[DRY] → /Users/apple/Downloads/nutritioncolours/src/content/locations/vasco-da-gama-fatty-liver.md
[DRY] → /Users/apple/Downloads/nutritioncolours/src/content/locations/vasco-da-gama-circadian-desynchrony.md
[DRY] → /Users/apple/Downloads/nutritioncolours/src/content/locations/vela-hypertension.md
[DRY] → /Users/apple/Downloads/nutritioncolours/src/content/locations/vela-insulin-resistance.md
[DRY] → /Users/apple/Downloads/nutritioncolours/src/content/locations/vela-thyroid-dysregulation.md
[DRY] → /Users/apple/Downloads/nutritioncolours/src/content/locations/disa-fatty-liver.md
[DRY] → /Users/apple/Downloads/nutritioncolours/src/content/locations/disa-circadian-desynchrony.md
[DRY] → /Users/apple/Downloads/nutritioncolours/src/content/locations/disa-metabolic-syndrome.md
[DRY] → /Users/apple/Downloads/nutritioncolours/src/content/locations/gandhi-nagar-type-2-diabetes.md
[DRY] → /Users/apple/Downloads/nutritioncolours/src/content/locations/gandhi-nagar-dyslipidemia.md
[DRY] → /Users/apple/Downloads/nutritioncolours/src/content/locations/gandhi-nagar-circadian-desynchrony.md
[DRY] → /Users/apple/Downloads/nutritioncolours/src/content/locations/godhra-type-2-diabetes.md
[DRY] → /Users/apple/Downloads/nutritioncolours/src/content/locations/godhra-insulin-resistance.md
[DRY] → /Users/apple/Downloads/nutritioncolours/src/content/locations/godhra-thyroid-dysregulation.md
[DRY] → /Users/apple/Downloads/nutritioncolours/src/content/locations/godhra-fatty-liver.md
[DRY] → /Users/apple/Downloads/nutritioncolours/src/content/locations/gondal-obesity.md
[DRY] → /Users/apple/Downloads/nutritioncolours/src/content/locations/gondal-thyroid-dysregulation.md
[DRY] → /Users/apple/Downloads/nutritioncolours/src/content/locations/himat-nagar-obesity.md
[DRY] → /Users/apple/Downloads/nutritioncolours/src/content/locations/himat-nagar-hypertension.md
[DRY] → /Users/apple/Downloads/nutritioncolours/src/content/locations/himat-nagar-dyslipidemia.md
[DRY] → /Users/apple/Downloads/nutritioncolours/src/content/locations/himat-nagar-circadian-desynchrony.md
[DRY] → /Users/apple/Downloads/nutritioncolours/src/content/locations/kalol-hypertension.md
[DRY] → /Users/apple/Downloads/nutritioncolours/src/content/locations/kalol-insulin-resistance.md
[DRY] → /Users/apple/Downloads/nutritioncolours/src/content/locations/kalol-thyroid-dysregulation.md
[DRY] → /Users/apple/Downloads/nutritioncolours/src/content/locations/kalol-circadian-desynchrony.md
[DRY] → /Users/apple/Downloads/nutritioncolours/src/content/locations/khambhalia-hypertension.md
[DRY] → /Users/apple/Downloads/nutritioncolours/src/content/locations/khambhalia-fatty-liver.md
[DRY] → /Users/apple/Downloads/nutritioncolours/src/content/locations/khambhalia-circadian-desynchrony.md
[DRY] → /Users/apple/Downloads/nutritioncolours/src/content/locations/kheda-hypertension.md
[DRY] → /Users/apple/Downloads/nutritioncolours/src/content/locations/kheda-dyslipidemia.md
[DRY] → /Users/apple/Downloads/nutritioncolours/src/content/locations/kheda-pcodpcos.md
[DRY] → /Users/apple/Downloads/nutritioncolours/src/content/locations/madasa-hypertension.md
[DRY] → /Users/apple/Downloads/nutritioncolours/src/content/locations/madasa-pcodpcos.md
[DRY] → /Users/apple/Downloads/nutritioncolours/src/content/locations/madasa-thyroid-dysregulation.md
[DRY] → /Users/apple/Downloads/nutritioncolours/src/content/locations/madasa-fatty-liver.md
[DRY] → /Users/apple/Downloads/nutritioncolours/src/content/locations/mahesana-insulin-resistance.md
[DRY] → /Users/apple/Downloads/nutritioncolours/src/content/locations/mahesana-dyslipidemia.md
[DRY] → /Users/apple/Downloads/nutritioncolours/src/content/locations/mahesana-circadian-desynchrony.md
[DRY] → /Users/apple/Downloads/nutritioncolours/src/content/locations/mandvi-hypertension.md
[DRY] → /Users/apple/Downloads/nutritioncolours/src/content/locations/mandvi-insulin-resistance.md
[DRY] → /Users/apple/Downloads/nutritioncolours/src/content/locations/mandvi-dyslipidemia.md
[DRY] → /Users/apple/Downloads/nutritioncolours/src/content/locations/mandvi-fatty-liver.md
[DRY] → /Users/apple/Downloads/nutritioncolours/src/content/locations/mandvi-circadian-desynchrony.md
[DRY] → /Users/apple/Downloads/nutritioncolours/src/content/locations/morbi-type-2-diabetes.md
[DRY] → /Users/apple/Downloads/nutritioncolours/src/content/locations/morbi-obesity.md
[DRY] → /Users/apple/Downloads/nutritioncolours/src/content/locations/morbi-thyroid-dysregulation.md
[DRY] → /Users/apple/Downloads/nutritioncolours/src/content/locations/morbi-metabolic-syndrome.md
[DRY] → /Users/apple/Downloads/nutritioncolours/src/content/locations/nadiad-type-2-diabetes.md
[DRY] → /Users/apple/Downloads/nutritioncolours/src/content/locations/nadiad-obesity.md
[DRY] → /Users/apple/Downloads/nutritioncolours/src/content/locations/nadiad-hypertension.md
[DRY] → /Users/apple/Downloads/nutritioncolours/src/content/locations/nadiad-pcodpcos.md
[DRY] → /Users/apple/Downloads/nutritioncolours/src/content/locations/navrangpura-hypertension.md
[DRY] → /Users/apple/Downloads/nutritioncolours/src/content/locations/navrangpura-insulin-resistance.md
[DRY] → /Users/apple/Downloads/nutritioncolours/src/content/locations/navrangpura-circadian-desynchrony.md
[DRY] → /Users/apple/Downloads/nutritioncolours/src/content/locations/navrangpura-metabolic-syndrome.md
[DRY] → /Users/apple/Downloads/nutritioncolours/src/content/locations/navsari-hypertension.md
[DRY] → /Users/apple/Downloads/nutritioncolours/src/content/locations/navsari-pcodpcos.md
[DRY] → /Users/apple/Downloads/nutritioncolours/src/content/locations/navsari-thyroid-dysregulation.md
[DRY] → /Users/apple/Downloads/nutritioncolours/src/content/locations/navsari-metabolic-syndrome.md
[DRY] → /Users/apple/Downloads/nutritioncolours/src/content/locations/palanpur-type-2-diabetes.md
[DRY] → /Users/apple/Downloads/nutritioncolours/src/content/locations/palanpur-insulin-resistance.md
[DRY] → /Users/apple/Downloads/nutritioncolours/src/content/locations/palanpur-dyslipidemia.md
[DRY] → /Users/apple/Downloads/nutritioncolours/src/content/locations/palanpur-thyroid-dysregulation.md
[DRY] → /Users/apple/Downloads/nutritioncolours/src/content/locations/patan-insulin-resistance.md
[DRY] → /Users/apple/Downloads/nutritioncolours/src/content/locations/patan-dyslipidemia.md
[DRY] → /Users/apple/Downloads/nutritioncolours/src/content/locations/patan-fatty-liver.md
[DRY] → /Users/apple/Downloads/nutritioncolours/src/content/locations/porbandar-hypertension.md
[DRY] → /Users/apple/Downloads/nutritioncolours/src/content/locations/porbandar-thyroid-dysregulation.md
[DRY] → /Users/apple/Downloads/nutritioncolours/src/content/locations/porbandar-circadian-desynchrony.md
[DRY] → /Users/apple/Downloads/nutritioncolours/src/content/locations/porbandar-metabolic-syndrome.md
[DRY] → /Users/apple/Downloads/nutritioncolours/src/content/locations/rajkot-dyslipidemia.md
[DRY] → /Users/apple/Downloads/nutritioncolours/src/content/locations/rajkot-pcodpcos.md
[DRY] → /Users/apple/Downloads/nutritioncolours/src/content/locations/revdi-bazaar-type-2-diabetes.md
[DRY] → /Users/apple/Downloads/nutritioncolours/src/content/locations/revdi-bazaar-hypertension.md
[DRY] → /Users/apple/Downloads/nutritioncolours/src/content/locations/revdi-bazaar-dyslipidemia.md
[DRY] → /Users/apple/Downloads/nutritioncolours/src/content/locations/surat-dyslipidemia.md
[DRY] → /Users/apple/Downloads/nutritioncolours/src/content/locations/surat-thyroid-dysregulation.md
[DRY] → /Users/apple/Downloads/nutritioncolours/src/content/locations/surat-fatty-liver.md
[DRY] → /Users/apple/Downloads/nutritioncolours/src/content/locations/surat-metabolic-syndrome.md
[DRY] → /Users/apple/Downloads/nutritioncolours/src/content/locations/surendra-nagar-hypertension.md
[DRY] → /Users/apple/Downloads/nutritioncolours/src/content/locations/surendra-nagar-fatty-liver.md
[DRY] → /Users/apple/Downloads/nutritioncolours/src/content/locations/surendra-nagar-metabolic-syndrome.md
[DRY] → /Users/apple/Downloads/nutritioncolours/src/content/locations/unjha-obesity.md
[DRY] → /Users/apple/Downloads/nutritioncolours/src/content/locations/unjha-hypertension.md
[DRY] → /Users/apple/Downloads/nutritioncolours/src/content/locations/unjha-fatty-liver.md
[DRY] → /Users/apple/Downloads/nutritioncolours/src/content/locations/vadodara-pcodpcos.md
[DRY] → /Users/apple/Downloads/nutritioncolours/src/content/locations/vadodara-fatty-liver.md
[DRY] → /Users/apple/Downloads/nutritioncolours/src/content/locations/vajapur-pcodpcos.md
[DRY] → /Users/apple/Downloads/nutritioncolours/src/content/locations/vajapur-metabolic-syndrome.md
[DRY] → /Users/apple/Downloads/nutritioncolours/src/content/locations/valsad-obesity.md
[DRY] → /Users/apple/Downloads/nutritioncolours/src/content/locations/valsad-insulin-resistance.md
[DRY] → /Users/apple/Downloads/nutritioncolours/src/content/locations/valsad-thyroid-dysregulation.md
[DRY] → /Users/apple/Downloads/nutritioncolours/src/content/locations/veraval-dyslipidemia.md
[DRY] → /Users/apple/Downloads/nutritioncolours/src/content/locations/veraval-pcodpcos.md
[DRY] → /Users/apple/Downloads/nutritioncolours/src/content/locations/veraval-metabolic-syndrome.md
[DRY] → /Users/apple/Downloads/nutritioncolours/src/content/locations/visnagar-obesity.md
[DRY] → /Users/apple/Downloads/nutritioncolours/src/content/locations/visnagar-insulin-resistance.md
[DRY] → /Users/apple/Downloads/nutritioncolours/src/content/locations/visnagar-pcodpcos.md
[DRY] → /Users/apple/Downloads/nutritioncolours/src/content/locations/ambala-cantt-obesity.md
[DRY] → /Users/apple/Downloads/nutritioncolours/src/content/locations/ambala-cantt-dyslipidemia.md
[DRY] → /Users/apple/Downloads/nutritioncolours/src/content/locations/ambala-cantt-circadian-desynchrony.md
[DRY] → /Users/apple/Downloads/nutritioncolours/src/content/locations/ambala-city-obesity.md
[DRY] → /Users/apple/Downloads/nutritioncolours/src/content/locations/ambala-city-insulin-resistance.md
[DRY] → /Users/apple/Downloads/nutritioncolours/src/content/locations/ambala-city-pcodpcos.md
[DRY] → /Users/apple/Downloads/nutritioncolours/src/content/locations/ambala-city-circadian-desynchrony.md
[DRY] → /Users/apple/Downloads/nutritioncolours/src/content/locations/bahadurgarh-hypertension.md
[DRY] → /Users/apple/Downloads/nutritioncolours/src/content/locations/bahadurgarh-insulin-resistance.md
[DRY] → /Users/apple/Downloads/nutritioncolours/src/content/locations/bahadurgarh-pcodpcos.md
[DRY] → /Users/apple/Downloads/nutritioncolours/src/content/locations/bahadurgarh-metabolic-syndrome.md
[DRY] → /Users/apple/Downloads/nutritioncolours/src/content/locations/bhivani-obesity.md
[DRY] → /Users/apple/Downloads/nutritioncolours/src/content/locations/bhivani-hypertension.md
[DRY] → /Users/apple/Downloads/nutritioncolours/src/content/locations/bhivani-dyslipidemia.md
[DRY] → /Users/apple/Downloads/nutritioncolours/src/content/locations/faridabad-hypertension.md
[DRY] → /Users/apple/Downloads/nutritioncolours/src/content/locations/faridabad-dyslipidemia.md
[DRY] → /Users/apple/Downloads/nutritioncolours/src/content/locations/gohana-obesity.md
[DRY] → /Users/apple/Downloads/nutritioncolours/src/content/locations/gohana-insulin-resistance.md
[DRY] → /Users/apple/Downloads/nutritioncolours/src/content/locations/gohana-fatty-liver.md
[DRY] → /Users/apple/Downloads/nutritioncolours/src/content/locations/gurgaon-type-2-diabetes.md
[DRY] → /Users/apple/Downloads/nutritioncolours/src/content/locations/gurgaon-hypertension.md
[DRY] → /Users/apple/Downloads/nutritioncolours/src/content/locations/gurgaon-insulin-resistance.md
[DRY] → /Users/apple/Downloads/nutritioncolours/src/content/locations/gurgaon-thyroid-dysregulation.md
[DRY] → /Users/apple/Downloads/nutritioncolours/src/content/locations/gurgaon-circadian-desynchrony.md
[DRY] → /Users/apple/Downloads/nutritioncolours/src/content/locations/hissar-pcodpcos.md
[DRY] → /Users/apple/Downloads/nutritioncolours/src/content/locations/hissar-thyroid-dysregulation.md
[DRY] → /Users/apple/Downloads/nutritioncolours/src/content/locations/hissar-metabolic-syndrome.md
[DRY] → /Users/apple/Downloads/nutritioncolours/src/content/locations/karnal-obesity.md
[DRY] → /Users/apple/Downloads/nutritioncolours/src/content/locations/karnal-insulin-resistance.md
[DRY] → /Users/apple/Downloads/nutritioncolours/src/content/locations/karnal-dyslipidemia.md
[DRY] → /Users/apple/Downloads/nutritioncolours/src/content/locations/karnal-fatty-liver.md
[DRY] → /Users/apple/Downloads/nutritioncolours/src/content/locations/karnal-circadian-desynchrony.md
[DRY] → /Users/apple/Downloads/nutritioncolours/src/content/locations/kurukshetra-obesity.md
[DRY] → /Users/apple/Downloads/nutritioncolours/src/content/locations/kurukshetra-insulin-resistance.md
[DRY] → /Users/apple/Downloads/nutritioncolours/src/content/locations/kurukshetra-pcodpcos.md
[DRY] → /Users/apple/Downloads/nutritioncolours/src/content/locations/narnaul-type-2-diabetes.md
[DRY] → /Users/apple/Downloads/nutritioncolours/src/content/locations/narnaul-obesity.md
[DRY] → /Users/apple/Downloads/nutritioncolours/src/content/locations/narnaul-thyroid-dysregulation.md
[DRY] → /Users/apple/Downloads/nutritioncolours/src/content/locations/narnaul-circadian-desynchrony.md
[DRY] → /Users/apple/Downloads/nutritioncolours/src/content/locations/panipat-type-2-diabetes.md
[DRY] → /Users/apple/Downloads/nutritioncolours/src/content/locations/panipat-dyslipidemia.md
[DRY] → /Users/apple/Downloads/nutritioncolours/src/content/locations/panipat-pcodpcos.md
[DRY] → /Users/apple/Downloads/nutritioncolours/src/content/locations/rohtak-insulin-resistance.md
[DRY] → /Users/apple/Downloads/nutritioncolours/src/content/locations/rohtak-dyslipidemia.md
[DRY] → /Users/apple/Downloads/nutritioncolours/src/content/locations/rohtak-fatty-liver.md
[DRY] → /Users/apple/Downloads/nutritioncolours/src/content/locations/rohtak-circadian-desynchrony.md
[DRY] → /Users/apple/Downloads/nutritioncolours/src/content/locations/sirsa-type-2-diabetes.md
[DRY] → /Users/apple/Downloads/nutritioncolours/src/content/locations/sirsa-hypertension.md
[DRY] → /Users/apple/Downloads/nutritioncolours/src/content/locations/sirsa-pcodpcos.md
[DRY] → /Users/apple/Downloads/nutritioncolours/src/content/locations/sirsa-thyroid-dysregulation.md
[DRY] → /Users/apple/Downloads/nutritioncolours/src/content/locations/sirsa-metabolic-syndrome.md
[DRY] → /Users/apple/Downloads/nutritioncolours/src/content/locations/sonepat-type-2-diabetes.md
[DRY] → /Users/apple/Downloads/nutritioncolours/src/content/locations/sonepat-obesity.md
[DRY] → /Users/apple/Downloads/nutritioncolours/src/content/locations/sonepat-pcodpcos.md
[DRY] → /Users/apple/Downloads/nutritioncolours/src/content/locations/sonepat-metabolic-syndrome.md
[DRY] → /Users/apple/Downloads/nutritioncolours/src/content/locations/barsar-dyslipidemia.md
[DRY] → /Users/apple/Downloads/nutritioncolours/src/content/locations/barsar-circadian-desynchrony.md
[DRY] → /Users/apple/Downloads/nutritioncolours/src/content/locations/bilaspur-type-2-diabetes.md
[DRY] → /Users/apple/Downloads/nutritioncolours/src/content/locations/bilaspur-obesity.md
[DRY] → /Users/apple/Downloads/nutritioncolours/src/content/locations/bilaspur-metabolic-syndrome.md
[DRY] → /Users/apple/Downloads/nutritioncolours/src/content/locations/chamba-type-2-diabetes.md
[DRY] → /Users/apple/Downloads/nutritioncolours/src/content/locations/chamba-hypertension.md
[DRY] → /Users/apple/Downloads/nutritioncolours/src/content/locations/chamba-fatty-liver.md
[DRY] → /Users/apple/Downloads/nutritioncolours/src/content/locations/chamba-metabolic-syndrome.md
[DRY] → /Users/apple/Downloads/nutritioncolours/src/content/locations/dehra-gopipur-type-2-diabetes.md
[DRY] → /Users/apple/Downloads/nutritioncolours/src/content/locations/dehra-gopipur-obesity.md
[DRY] → /Users/apple/Downloads/nutritioncolours/src/content/locations/dehra-gopipur-pcodpcos.md
[DRY] → /Users/apple/Downloads/nutritioncolours/src/content/locations/dhramsala-type-2-diabetes.md
[DRY] → /Users/apple/Downloads/nutritioncolours/src/content/locations/dhramsala-obesity.md
[DRY] → /Users/apple/Downloads/nutritioncolours/src/content/locations/dhramsala-dyslipidemia.md
[DRY] → /Users/apple/Downloads/nutritioncolours/src/content/locations/dhramsala-fatty-liver.md
[DRY] → /Users/apple/Downloads/nutritioncolours/src/content/locations/hamirpur-type-2-diabetes.md
[DRY] → /Users/apple/Downloads/nutritioncolours/src/content/locations/hamirpur-fatty-liver.md
[DRY] → /Users/apple/Downloads/nutritioncolours/src/content/locations/hamirpur-circadian-desynchrony.md
[DRY] → /Users/apple/Downloads/nutritioncolours/src/content/locations/kangra-dyslipidemia.md
[DRY] → /Users/apple/Downloads/nutritioncolours/src/content/locations/kangra-pcodpcos.md
[DRY] → /Users/apple/Downloads/nutritioncolours/src/content/locations/kangra-thyroid-dysregulation.md
[DRY] → /Users/apple/Downloads/nutritioncolours/src/content/locations/kullu-pcodpcos.md
[DRY] → /Users/apple/Downloads/nutritioncolours/src/content/locations/kullu-thyroid-dysregulation.md
[DRY] → /Users/apple/Downloads/nutritioncolours/src/content/locations/kullu-metabolic-syndrome.md
[DRY] → /Users/apple/Downloads/nutritioncolours/src/content/locations/mandi-dyslipidemia.md
[DRY] → /Users/apple/Downloads/nutritioncolours/src/content/locations/mandi-pcodpcos.md
[DRY] → /Users/apple/Downloads/nutritioncolours/src/content/locations/mandi-thyroid-dysregulation.md
[DRY] → /Users/apple/Downloads/nutritioncolours/src/content/locations/nahan-obesity.md
[DRY] → /Users/apple/Downloads/nutritioncolours/src/content/locations/nahan-fatty-liver.md
[DRY] → /Users/apple/Downloads/nutritioncolours/src/content/locations/nahan-metabolic-syndrome.md
[DRY] → /Users/apple/Downloads/nutritioncolours/src/content/locations/palampur-obesity.md
[DRY] → /Users/apple/Downloads/nutritioncolours/src/content/locations/palampur-insulin-resistance.md
[DRY] → /Users/apple/Downloads/nutritioncolours/src/content/locations/palampur-dyslipidemia.md
[DRY] → /Users/apple/Downloads/nutritioncolours/src/content/locations/palampur-metabolic-syndrome.md
[DRY] → /Users/apple/Downloads/nutritioncolours/src/content/locations/rampur-bushahr-type-2-diabetes.md
[DRY] → /Users/apple/Downloads/nutritioncolours/src/content/locations/rampur-bushahr-obesity.md
[DRY] → /Users/apple/Downloads/nutritioncolours/src/content/locations/rampur-bushahr-hypertension.md
[DRY] → /Users/apple/Downloads/nutritioncolours/src/content/locations/recong-peo-obesity.md
[DRY] → /Users/apple/Downloads/nutritioncolours/src/content/locations/recong-peo-dyslipidemia.md
[DRY] → /Users/apple/Downloads/nutritioncolours/src/content/locations/recong-peo-pcodpcos.md
[DRY] → /Users/apple/Downloads/nutritioncolours/src/content/locations/shimla-type-2-diabetes.md
[DRY] → /Users/apple/Downloads/nutritioncolours/src/content/locations/shimla-thyroid-dysregulation.md
[DRY] → /Users/apple/Downloads/nutritioncolours/src/content/locations/shimla-metabolic-syndrome.md
[DRY] → /Users/apple/Downloads/nutritioncolours/src/content/locations/solan-dyslipidemia.md
[DRY] → /Users/apple/Downloads/nutritioncolours/src/content/locations/solan-thyroid-dysregulation.md
[DRY] → /Users/apple/Downloads/nutritioncolours/src/content/locations/solan-circadian-desynchrony.md
[DRY] → /Users/apple/Downloads/nutritioncolours/src/content/locations/sundernagar-township-pcodpcos.md
[DRY] → /Users/apple/Downloads/nutritioncolours/src/content/locations/sundernagar-township-circadian-desynchrony.md
[DRY] → /Users/apple/Downloads/nutritioncolours/src/content/locations/sundernagar-township-metabolic-syndrome.md
[DRY] → /Users/apple/Downloads/nutritioncolours/src/content/locations/una-type-2-diabetes.md
[DRY] → /Users/apple/Downloads/nutritioncolours/src/content/locations/una-hypertension.md
[DRY] → /Users/apple/Downloads/nutritioncolours/src/content/locations/una-metabolic-syndrome.md
[DRY] → /Users/apple/Downloads/nutritioncolours/src/content/locations/anantnag-dyslipidemia.md
[DRY] → /Users/apple/Downloads/nutritioncolours/src/content/locations/anantnag-thyroid-dysregulation.md
[DRY] → /Users/apple/Downloads/nutritioncolours/src/content/locations/anantnag-fatty-liver.md
[DRY] → /Users/apple/Downloads/nutritioncolours/src/content/locations/anantnag-circadian-desynchrony.md
[DRY] → /Users/apple/Downloads/nutritioncolours/src/content/locations/anantnag-metabolic-syndrome.md
[DRY] → /Users/apple/Downloads/nutritioncolours/src/content/locations/baramulla-type-2-diabetes.md
[DRY] → /Users/apple/Downloads/nutritioncolours/src/content/locations/baramulla-hypertension.md
[DRY] → /Users/apple/Downloads/nutritioncolours/src/content/locations/baramulla-circadian-desynchrony.md
[DRY] → /Users/apple/Downloads/nutritioncolours/src/content/locations/gandhinagar-type-2-diabetes.md
[DRY] → /Users/apple/Downloads/nutritioncolours/src/content/locations/gandhinagar-hypertension.md
[DRY] → /Users/apple/Downloads/nutritioncolours/src/content/locations/gandhinagar-pcodpcos.md
[DRY] → /Users/apple/Downloads/nutritioncolours/src/content/locations/gandhinagar-thyroid-dysregulation.md
[DRY] → /Users/apple/Downloads/nutritioncolours/src/content/locations/kathua-obesity.md
[DRY] → /Users/apple/Downloads/nutritioncolours/src/content/locations/kathua-dyslipidemia.md
[DRY] → /Users/apple/Downloads/nutritioncolours/src/content/locations/kathua-circadian-desynchrony.md
[DRY] → /Users/apple/Downloads/nutritioncolours/src/content/locations/leh-obesity.md
[DRY] → /Users/apple/Downloads/nutritioncolours/src/content/locations/leh-dyslipidemia.md
[DRY] → /Users/apple/Downloads/nutritioncolours/src/content/locations/leh-metabolic-syndrome.md
[DRY] → /Users/apple/Downloads/nutritioncolours/src/content/locations/rajouri-hypertension.md
[DRY] → /Users/apple/Downloads/nutritioncolours/src/content/locations/rajouri-pcodpcos.md
[DRY] → /Users/apple/Downloads/nutritioncolours/src/content/locations/rajouri-fatty-liver.md
[DRY] → /Users/apple/Downloads/nutritioncolours/src/content/locations/srinagar-gpo-obesity.md
[DRY] → /Users/apple/Downloads/nutritioncolours/src/content/locations/srinagar-gpo-dyslipidemia.md
[DRY] → /Users/apple/Downloads/nutritioncolours/src/content/locations/srinagar-gpo-metabolic-syndrome.md
[DRY] → /Users/apple/Downloads/nutritioncolours/src/content/locations/udhampur-obesity.md
[DRY] → /Users/apple/Downloads/nutritioncolours/src/content/locations/udhampur-hypertension.md
[DRY] → /Users/apple/Downloads/nutritioncolours/src/content/locations/udhampur-pcodpcos.md
[DRY] → /Users/apple/Downloads/nutritioncolours/src/content/locations/arsikere-type-2-diabetes.md
[DRY] → /Users/apple/Downloads/nutritioncolours/src/content/locations/arsikere-obesity.md
[DRY] → /Users/apple/Downloads/nutritioncolours/src/content/locations/arsikere-hypertension.md
[DRY] → /Users/apple/Downloads/nutritioncolours/src/content/locations/arsikere-insulin-resistance.md
[DRY] → /Users/apple/Downloads/nutritioncolours/src/content/locations/athni-obesity.md
[DRY] → /Users/apple/Downloads/nutritioncolours/src/content/locations/athni-hypertension.md
[DRY] → /Users/apple/Downloads/nutritioncolours/src/content/locations/athni-thyroid-dysregulation.md
[DRY] → /Users/apple/Downloads/nutritioncolours/src/content/locations/athni-circadian-desynchrony.md
[DRY] → /Users/apple/Downloads/nutritioncolours/src/content/locations/bagalkot-type-2-diabetes.md
[DRY] → /Users/apple/Downloads/nutritioncolours/src/content/locations/bagalkot-hypertension.md
[DRY] → /Users/apple/Downloads/nutritioncolours/src/content/locations/bailhongal-hypertension.md
[DRY] → /Users/apple/Downloads/nutritioncolours/src/content/locations/bailhongal-insulin-resistance.md
[DRY] → /Users/apple/Downloads/nutritioncolours/src/content/locations/bailhongal-circadian-desynchrony.md
[DRY] → /Users/apple/Downloads/nutritioncolours/src/content/locations/bailhongal-metabolic-syndrome.md
[DRY] → /Users/apple/Downloads/nutritioncolours/src/content/locations/bangalore-city-type-2-diabetes.md
[DRY] → /Users/apple/Downloads/nutritioncolours/src/content/locations/bangalore-city-obesity.md
[DRY] → /Users/apple/Downloads/nutritioncolours/src/content/locations/bangalore-city-pcodpcos.md
[DRY] → /Users/apple/Downloads/nutritioncolours/src/content/locations/bangalore-city-metabolic-syndrome.md
[DRY] → /Users/apple/Downloads/nutritioncolours/src/content/locations/bangalore-gpo-obesity.md
[DRY] → /Users/apple/Downloads/nutritioncolours/src/content/locations/bangalore-gpo-pcodpcos.md
[DRY] → /Users/apple/Downloads/nutritioncolours/src/content/locations/basavanagudi-dyslipidemia.md
[DRY] → /Users/apple/Downloads/nutritioncolours/src/content/locations/basavanagudi-pcodpcos.md
[DRY] → /Users/apple/Downloads/nutritioncolours/src/content/locations/basavanagudi-thyroid-dysregulation.md
[DRY] → /Users/apple/Downloads/nutritioncolours/src/content/locations/belgaum-insulin-resistance.md
[DRY] → /Users/apple/Downloads/nutritioncolours/src/content/locations/belgaum-dyslipidemia.md
[DRY] → /Users/apple/Downloads/nutritioncolours/src/content/locations/belgaum-pcodpcos.md
[DRY] → /Users/apple/Downloads/nutritioncolours/src/content/locations/belgaum-metabolic-syndrome.md
[DRY] → /Users/apple/Downloads/nutritioncolours/src/content/locations/bellary-obesity.md
[DRY] → /Users/apple/Downloads/nutritioncolours/src/content/locations/bellary-hypertension.md
[DRY] → /Users/apple/Downloads/nutritioncolours/src/content/locations/bellary-fatty-liver.md
[DRY] → /Users/apple/Downloads/nutritioncolours/src/content/locations/bhadravathi-type-2-diabetes.md
[DRY] → /Users/apple/Downloads/nutritioncolours/src/content/locations/bhadravathi-insulin-resistance.md
[DRY] → /Users/apple/Downloads/nutritioncolours/src/content/locations/bhadravathi-dyslipidemia.md
[DRY] → /Users/apple/Downloads/nutritioncolours/src/content/locations/bhadravathi-pcodpcos.md
[DRY] → /Users/apple/Downloads/nutritioncolours/src/content/locations/bidar-type-2-diabetes.md
[DRY] → /Users/apple/Downloads/nutritioncolours/src/content/locations/bidar-hypertension.md
[DRY] → /Users/apple/Downloads/nutritioncolours/src/content/locations/bidar-insulin-resistance.md
[DRY] → /Users/apple/Downloads/nutritioncolours/src/content/locations/bidar-dyslipidemia.md
[DRY] → /Users/apple/Downloads/nutritioncolours/src/content/locations/bijapur-type-2-diabetes.md
[DRY] → /Users/apple/Downloads/nutritioncolours/src/content/locations/bijapur-insulin-resistance.md
[DRY] → /Users/apple/Downloads/nutritioncolours/src/content/locations/channapatna-hypertension.md
[DRY] → /Users/apple/Downloads/nutritioncolours/src/content/locations/channapatna-pcodpcos.md
[DRY] → /Users/apple/Downloads/nutritioncolours/src/content/locations/channapatna-circadian-desynchrony.md
[DRY] → /Users/apple/Downloads/nutritioncolours/src/content/locations/channapatna-metabolic-syndrome.md
[DRY] → /Users/apple/Downloads/nutritioncolours/src/content/locations/chickballapur-insulin-resistance.md
[DRY] → /Users/apple/Downloads/nutritioncolours/src/content/locations/chickballapur-dyslipidemia.md
[DRY] → /Users/apple/Downloads/nutritioncolours/src/content/locations/chickballapur-pcodpcos.md
[DRY] → /Users/apple/Downloads/nutritioncolours/src/content/locations/chickballapur-circadian-desynchrony.md
[DRY] → /Users/apple/Downloads/nutritioncolours/src/content/locations/chickmagalur-type-2-diabetes.md
[DRY] → /Users/apple/Downloads/nutritioncolours/src/content/locations/chickmagalur-hypertension.md
[DRY] → /Users/apple/Downloads/nutritioncolours/src/content/locations/chickmagalur-insulin-resistance.md
[DRY] → /Users/apple/Downloads/nutritioncolours/src/content/locations/chickmagalur-thyroid-dysregulation.md
[DRY] → /Users/apple/Downloads/nutritioncolours/src/content/locations/chickmagalur-metabolic-syndrome.md
[DRY] → /Users/apple/Downloads/nutritioncolours/src/content/locations/chikodi-type-2-diabetes.md
[DRY] → /Users/apple/Downloads/nutritioncolours/src/content/locations/chikodi-insulin-resistance.md
[DRY] → /Users/apple/Downloads/nutritioncolours/src/content/locations/chikodi-pcodpcos.md
[DRY] → /Users/apple/Downloads/nutritioncolours/src/content/locations/chikodi-circadian-desynchrony.md
[DRY] → /Users/apple/Downloads/nutritioncolours/src/content/locations/chikodi-metabolic-syndrome.md
[DRY] → /Users/apple/Downloads/nutritioncolours/src/content/locations/chitradurga-type-2-diabetes.md
[DRY] → /Users/apple/Downloads/nutritioncolours/src/content/locations/chitradurga-insulin-resistance.md
[DRY] → /Users/apple/Downloads/nutritioncolours/src/content/locations/chitradurga-fatty-liver.md
[DRY] → /Users/apple/Downloads/nutritioncolours/src/content/locations/davangere-insulin-resistance.md
[DRY] → /Users/apple/Downloads/nutritioncolours/src/content/locations/davangere-dyslipidemia.md
[DRY] → /Users/apple/Downloads/nutritioncolours/src/content/locations/davangere-pcodpcos.md
[DRY] → /Users/apple/Downloads/nutritioncolours/src/content/locations/davangere-fatty-liver.md
[DRY] → /Users/apple/Downloads/nutritioncolours/src/content/locations/davangere-metabolic-syndrome.md
[DRY] → /Users/apple/Downloads/nutritioncolours/src/content/locations/dharwad-dyslipidemia.md
[DRY] → /Users/apple/Downloads/nutritioncolours/src/content/locations/dharwad-metabolic-syndrome.md
[DRY] → /Users/apple/Downloads/nutritioncolours/src/content/locations/gadag-hypertension.md
[DRY] → /Users/apple/Downloads/nutritioncolours/src/content/locations/gadag-insulin-resistance.md
[DRY] → /Users/apple/Downloads/nutritioncolours/src/content/locations/gadag-metabolic-syndrome.md
[DRY] → /Users/apple/Downloads/nutritioncolours/src/content/locations/gokak-type-2-diabetes.md
[DRY] → /Users/apple/Downloads/nutritioncolours/src/content/locations/gokak-hypertension.md
[DRY] → /Users/apple/Downloads/nutritioncolours/src/content/locations/gokak-fatty-liver.md
[DRY] → /Users/apple/Downloads/nutritioncolours/src/content/locations/gulbarga-thyroid-dysregulation.md
[DRY] → /Users/apple/Downloads/nutritioncolours/src/content/locations/gulbarga-metabolic-syndrome.md
[DRY] → /Users/apple/Downloads/nutritioncolours/src/content/locations/hal-ii-stage-hypertension.md
[DRY] → /Users/apple/Downloads/nutritioncolours/src/content/locations/hal-ii-stage-dyslipidemia.md
[DRY] → /Users/apple/Downloads/nutritioncolours/src/content/locations/hal-ii-stage-fatty-liver.md
[DRY] → /Users/apple/Downloads/nutritioncolours/src/content/locations/harapanhalli-pcodpcos.md
[DRY] → /Users/apple/Downloads/nutritioncolours/src/content/locations/harapanhalli-thyroid-dysregulation.md
[DRY] → /Users/apple/Downloads/nutritioncolours/src/content/locations/harapanhalli-circadian-desynchrony.md
[DRY] → /Users/apple/Downloads/nutritioncolours/src/content/locations/harapanhalli-metabolic-syndrome.md
[DRY] → /Users/apple/Downloads/nutritioncolours/src/content/locations/hassan-insulin-resistance.md
[DRY] → /Users/apple/Downloads/nutritioncolours/src/content/locations/hassan-fatty-liver.md
[DRY] → /Users/apple/Downloads/nutritioncolours/src/content/locations/hassan-circadian-desynchrony.md
[DRY] → /Users/apple/Downloads/nutritioncolours/src/content/locations/haveri-insulin-resistance.md
[DRY] → /Users/apple/Downloads/nutritioncolours/src/content/locations/haveri-circadian-desynchrony.md
[DRY] → /Users/apple/Downloads/nutritioncolours/src/content/locations/haveri-metabolic-syndrome.md
[DRY] → /Users/apple/Downloads/nutritioncolours/src/content/locations/hospet-dyslipidemia.md
[DRY] → /Users/apple/Downloads/nutritioncolours/src/content/locations/hospet-fatty-liver.md
[DRY] → /Users/apple/Downloads/nutritioncolours/src/content/locations/hospet-circadian-desynchrony.md
[DRY] → /Users/apple/Downloads/nutritioncolours/src/content/locations/hubli-insulin-resistance.md
[DRY] → /Users/apple/Downloads/nutritioncolours/src/content/locations/hubli-dyslipidemia.md
[DRY] → /Users/apple/Downloads/nutritioncolours/src/content/locations/hubli-thyroid-dysregulation.md
[DRY] → /Users/apple/Downloads/nutritioncolours/src/content/locations/hubli-fatty-liver.md
[DRY] → /Users/apple/Downloads/nutritioncolours/src/content/locations/hubli-circadian-desynchrony.md
[DRY] → /Users/apple/Downloads/nutritioncolours/src/content/locations/hukeri-obesity.md
[DRY] → /Users/apple/Downloads/nutritioncolours/src/content/locations/hukeri-pcodpcos.md
[DRY] → /Users/apple/Downloads/nutritioncolours/src/content/locations/hukeri-thyroid-dysregulation.md
[DRY] → /Users/apple/Downloads/nutritioncolours/src/content/locations/indi-type-2-diabetes.md
[DRY] → /Users/apple/Downloads/nutritioncolours/src/content/locations/indi-hypertension.md
[DRY] → /Users/apple/Downloads/nutritioncolours/src/content/locations/indi-fatty-liver.md
[DRY] → /Users/apple/Downloads/nutritioncolours/src/content/locations/indi-metabolic-syndrome.md
[DRY] → /Users/apple/Downloads/nutritioncolours/src/content/locations/karkala-type-2-diabetes.md
[DRY] → /Users/apple/Downloads/nutritioncolours/src/content/locations/karkala-obesity.md
[DRY] → /Users/apple/Downloads/nutritioncolours/src/content/locations/karkala-dyslipidemia.md
[DRY] → /Users/apple/Downloads/nutritioncolours/src/content/locations/karwar-dyslipidemia.md
[DRY] → /Users/apple/Downloads/nutritioncolours/src/content/locations/karwar-pcodpcos.md
[DRY] → /Users/apple/Downloads/nutritioncolours/src/content/locations/karwar-thyroid-dysregulation.md
[DRY] → /Users/apple/Downloads/nutritioncolours/src/content/locations/karwar-fatty-liver.md
[DRY] → /Users/apple/Downloads/nutritioncolours/src/content/locations/kolar-obesity.md
[DRY] → /Users/apple/Downloads/nutritioncolours/src/content/locations/kolar-insulin-resistance.md
[DRY] → /Users/apple/Downloads/nutritioncolours/src/content/locations/kolar-pcodpcos.md
[DRY] → /Users/apple/Downloads/nutritioncolours/src/content/locations/kolar-metabolic-syndrome.md
[DRY] → /Users/apple/Downloads/nutritioncolours/src/content/locations/kollegal-dyslipidemia.md
[DRY] → /Users/apple/Downloads/nutritioncolours/src/content/locations/kollegal-pcodpcos.md
[DRY] → /Users/apple/Downloads/nutritioncolours/src/content/locations/kollegal-circadian-desynchrony.md
[DRY] → /Users/apple/Downloads/nutritioncolours/src/content/locations/koppa-type-2-diabetes.md
[DRY] → /Users/apple/Downloads/nutritioncolours/src/content/locations/koppa-hypertension.md
[DRY] → /Users/apple/Downloads/nutritioncolours/src/content/locations/koppal-hypertension.md
[DRY] → /Users/apple/Downloads/nutritioncolours/src/content/locations/koppal-insulin-resistance.md
[DRY] → /Users/apple/Downloads/nutritioncolours/src/content/locations/koppal-fatty-liver.md
[DRY] → /Users/apple/Downloads/nutritioncolours/src/content/locations/koppal-metabolic-syndrome.md
[DRY] → /Users/apple/Downloads/nutritioncolours/src/content/locations/kulashekar-hypertension.md
[DRY] → /Users/apple/Downloads/nutritioncolours/src/content/locations/kulashekar-metabolic-syndrome.md
[DRY] → /Users/apple/Downloads/nutritioncolours/src/content/locations/kumta-obesity.md
[DRY] → /Users/apple/Downloads/nutritioncolours/src/content/locations/kumta-hypertension.md
[DRY] → /Users/apple/Downloads/nutritioncolours/src/content/locations/kumta-pcodpcos.md
[DRY] → /Users/apple/Downloads/nutritioncolours/src/content/locations/kumta-circadian-desynchrony.md
[DRY] → /Users/apple/Downloads/nutritioncolours/src/content/locations/kundapura-circadian-desynchrony.md
[DRY] → /Users/apple/Downloads/nutritioncolours/src/content/locations/kundapura-metabolic-syndrome.md
[DRY] → /Users/apple/Downloads/nutritioncolours/src/content/locations/madikeri-hypertension.md
[DRY] → /Users/apple/Downloads/nutritioncolours/src/content/locations/madikeri-dyslipidemia.md
[DRY] → /Users/apple/Downloads/nutritioncolours/src/content/locations/madikeri-fatty-liver.md
[DRY] → /Users/apple/Downloads/nutritioncolours/src/content/locations/madikeri-metabolic-syndrome.md
[DRY] → /Users/apple/Downloads/nutritioncolours/src/content/locations/mandya-insulin-resistance.md
[DRY] → /Users/apple/Downloads/nutritioncolours/src/content/locations/mandya-dyslipidemia.md
[DRY] → /Users/apple/Downloads/nutritioncolours/src/content/locations/mandya-pcodpcos.md
[DRY] → /Users/apple/Downloads/nutritioncolours/src/content/locations/mandya-fatty-liver.md
[DRY] → /Users/apple/Downloads/nutritioncolours/src/content/locations/mangalore-type-2-diabetes.md
[DRY] → /Users/apple/Downloads/nutritioncolours/src/content/locations/mangalore-fatty-liver.md
[DRY] → /Users/apple/Downloads/nutritioncolours/src/content/locations/mangalore-metabolic-syndrome.md
[DRY] → /Users/apple/Downloads/nutritioncolours/src/content/locations/manipal-dyslipidemia.md
[DRY] → /Users/apple/Downloads/nutritioncolours/src/content/locations/manipal-metabolic-syndrome.md
[DRY] → /Users/apple/Downloads/nutritioncolours/src/content/locations/muddebihal-dyslipidemia.md
[DRY] → /Users/apple/Downloads/nutritioncolours/src/content/locations/muddebihal-pcodpcos.md
[DRY] → /Users/apple/Downloads/nutritioncolours/src/content/locations/mysore-hypertension.md
[DRY] → /Users/apple/Downloads/nutritioncolours/src/content/locations/mysore-dyslipidemia.md
[DRY] → /Users/apple/Downloads/nutritioncolours/src/content/locations/mysore-pcodpcos.md
[DRY] → /Users/apple/Downloads/nutritioncolours/src/content/locations/nanjangud-type-2-diabetes.md
[DRY] → /Users/apple/Downloads/nutritioncolours/src/content/locations/nanjangud-obesity.md
[DRY] → /Users/apple/Downloads/nutritioncolours/src/content/locations/nanjangud-dyslipidemia.md
[DRY] → /Users/apple/Downloads/nutritioncolours/src/content/locations/nargund-type-2-diabetes.md
[DRY] → /Users/apple/Downloads/nutritioncolours/src/content/locations/nargund-obesity.md
[DRY] → /Users/apple/Downloads/nutritioncolours/src/content/locations/nargund-thyroid-dysregulation.md
[DRY] → /Users/apple/Downloads/nutritioncolours/src/content/locations/puttur-type-2-diabetes.md
[DRY] → /Users/apple/Downloads/nutritioncolours/src/content/locations/puttur-obesity.md
[DRY] → /Users/apple/Downloads/nutritioncolours/src/content/locations/puttur-pcodpcos.md
[DRY] → /Users/apple/Downloads/nutritioncolours/src/content/locations/puttur-thyroid-dysregulation.md
[DRY] → /Users/apple/Downloads/nutritioncolours/src/content/locations/rabindranath-tagore-nagar-dyslipidemia.md
[DRY] → /Users/apple/Downloads/nutritioncolours/src/content/locations/rabindranath-tagore-nagar-thyroid-dysregulation.md
[DRY] → /Users/apple/Downloads/nutritioncolours/src/content/locations/rabindranath-tagore-nagar-fatty-liver.md
[DRY] → /Users/apple/Downloads/nutritioncolours/src/content/locations/rabindranath-tagore-nagar-circadian-desynchrony.md
[DRY] → /Users/apple/Downloads/nutritioncolours/src/content/locations/raibag-dyslipidemia.md
[DRY] → /Users/apple/Downloads/nutritioncolours/src/content/locations/raibag-pcodpcos.md
[DRY] → /Users/apple/Downloads/nutritioncolours/src/content/locations/raibag-circadian-desynchrony.md
[DRY] → /Users/apple/Downloads/nutritioncolours/src/content/locations/raichur-type-2-diabetes.md
[DRY] → /Users/apple/Downloads/nutritioncolours/src/content/locations/raichur-pcodpcos.md
[DRY] → /Users/apple/Downloads/nutritioncolours/src/content/locations/raichur-fatty-liver.md
[DRY] → /Users/apple/Downloads/nutritioncolours/src/content/locations/raichur-metabolic-syndrome.md
[DRY] → /Users/apple/Downloads/nutritioncolours/src/content/locations/rajaji-nagar-obesity.md
[DRY] → /Users/apple/Downloads/nutritioncolours/src/content/locations/rajaji-nagar-hypertension.md
[DRY] → /Users/apple/Downloads/nutritioncolours/src/content/locations/rajaji-nagar-dyslipidemia.md
[DRY] → /Users/apple/Downloads/nutritioncolours/src/content/locations/rajaji-nagar-thyroid-dysregulation.md
[DRY] → /Users/apple/Downloads/nutritioncolours/src/content/locations/rajaji-nagar-circadian-desynchrony.md
[DRY] → /Users/apple/Downloads/nutritioncolours/src/content/locations/ramdurg-obesity.md
[DRY] → /Users/apple/Downloads/nutritioncolours/src/content/locations/ramdurg-insulin-resistance.md
[DRY] → /Users/apple/Downloads/nutritioncolours/src/content/locations/ramdurg-dyslipidemia.md
[DRY] → /Users/apple/Downloads/nutritioncolours/src/content/locations/ramdurg-pcodpcos.md
[DRY] → /Users/apple/Downloads/nutritioncolours/src/content/locations/ramdurg-metabolic-syndrome.md
[DRY] → /Users/apple/Downloads/nutritioncolours/src/content/locations/rannebennur-obesity.md
[DRY] → /Users/apple/Downloads/nutritioncolours/src/content/locations/rannebennur-insulin-resistance.md
[DRY] → /Users/apple/Downloads/nutritioncolours/src/content/locations/rannebennur-dyslipidemia.md
[DRY] → /Users/apple/Downloads/nutritioncolours/src/content/locations/sagar-obesity.md
[DRY] → /Users/apple/Downloads/nutritioncolours/src/content/locations/sagar-hypertension.md
[DRY] → /Users/apple/Downloads/nutritioncolours/src/content/locations/sagar-pcodpcos.md
[DRY] → /Users/apple/Downloads/nutritioncolours/src/content/locations/sagar-metabolic-syndrome.md
[DRY] → /Users/apple/Downloads/nutritioncolours/src/content/locations/saraswathipuram-type-2-diabetes.md
[DRY] → /Users/apple/Downloads/nutritioncolours/src/content/locations/saraswathipuram-circadian-desynchrony.md
[DRY] → /Users/apple/Downloads/nutritioncolours/src/content/locations/saraswathipuram-metabolic-syndrome.md
[DRY] → /Users/apple/Downloads/nutritioncolours/src/content/locations/shahabad-obesity.md
[DRY] → /Users/apple/Downloads/nutritioncolours/src/content/locations/shahabad-insulin-resistance.md
[DRY] → /Users/apple/Downloads/nutritioncolours/src/content/locations/shahabad-pcodpcos.md
[DRY] → /Users/apple/Downloads/nutritioncolours/src/content/locations/shimoga-type-2-diabetes.md
[DRY] → /Users/apple/Downloads/nutritioncolours/src/content/locations/shimoga-insulin-resistance.md
[DRY] → /Users/apple/Downloads/nutritioncolours/src/content/locations/shimoga-thyroid-dysregulation.md
[DRY] → /Users/apple/Downloads/nutritioncolours/src/content/locations/shimoga-circadian-desynchrony.md
[DRY] → /Users/apple/Downloads/nutritioncolours/src/content/locations/shorapur-type-2-diabetes.md
[DRY] → /Users/apple/Downloads/nutritioncolours/src/content/locations/shorapur-obesity.md
[DRY] → /Users/apple/Downloads/nutritioncolours/src/content/locations/shorapur-pcodpcos.md
[DRY] → /Users/apple/Downloads/nutritioncolours/src/content/locations/sirsi-fatty-liver.md
[DRY] → /Users/apple/Downloads/nutritioncolours/src/content/locations/sirsi-circadian-desynchrony.md
[DRY] → /Users/apple/Downloads/nutritioncolours/src/content/locations/sirsi-metabolic-syndrome.md
[DRY] → /Users/apple/Downloads/nutritioncolours/src/content/locations/srirangapatna-dyslipidemia.md
[DRY] → /Users/apple/Downloads/nutritioncolours/src/content/locations/srirangapatna-thyroid-dysregulation.md
[DRY] → /Users/apple/Downloads/nutritioncolours/src/content/locations/srirangapatna-metabolic-syndrome.md
[DRY] → /Users/apple/Downloads/nutritioncolours/src/content/locations/sullia-type-2-diabetes.md
[DRY] → /Users/apple/Downloads/nutritioncolours/src/content/locations/sullia-obesity.md
[DRY] → /Users/apple/Downloads/nutritioncolours/src/content/locations/sullia-dyslipidemia.md
[DRY] → /Users/apple/Downloads/nutritioncolours/src/content/locations/tilakwadi-east-hypertension.md
[DRY] → /Users/apple/Downloads/nutritioncolours/src/content/locations/tilakwadi-east-insulin-resistance.md
[DRY] → /Users/apple/Downloads/nutritioncolours/src/content/locations/tilakwadi-east-dyslipidemia.md
[DRY] → /Users/apple/Downloads/nutritioncolours/src/content/locations/tilakwadi-east-thyroid-dysregulation.md
[DRY] → /Users/apple/Downloads/nutritioncolours/src/content/locations/tiptur-thyroid-dysregulation.md
[DRY] → /Users/apple/Downloads/nutritioncolours/src/content/locations/tiptur-circadian-desynchrony.md
[DRY] → /Users/apple/Downloads/nutritioncolours/src/content/locations/tumkur-hypertension.md
[DRY] → /Users/apple/Downloads/nutritioncolours/src/content/locations/tumkur-dyslipidemia.md
[DRY] → /Users/apple/Downloads/nutritioncolours/src/content/locations/tumkur-pcodpcos.md
[DRY] → /Users/apple/Downloads/nutritioncolours/src/content/locations/tumkur-thyroid-dysregulation.md
[DRY] → /Users/apple/Downloads/nutritioncolours/src/content/locations/tumkur-metabolic-syndrome.md
[DRY] → /Users/apple/Downloads/nutritioncolours/src/content/locations/udupi-type-2-diabetes.md
[DRY] → /Users/apple/Downloads/nutritioncolours/src/content/locations/udupi-circadian-desynchrony.md
[DRY] → /Users/apple/Downloads/nutritioncolours/src/content/locations/udupi-metabolic-syndrome.md
[DRY] → /Users/apple/Downloads/nutritioncolours/src/content/locations/yadagiri-insulin-resistance.md
[DRY] → /Users/apple/Downloads/nutritioncolours/src/content/locations/yadagiri-pcodpcos.md
[DRY] → /Users/apple/Downloads/nutritioncolours/src/content/locations/yadagiri-fatty-liver.md
[DRY] → /Users/apple/Downloads/nutritioncolours/src/content/locations/adur-hypertension.md
[DRY] → /Users/apple/Downloads/nutritioncolours/src/content/locations/adur-thyroid-dysregulation.md
[DRY] → /Users/apple/Downloads/nutritioncolours/src/content/locations/adur-metabolic-syndrome.md
[DRY] → /Users/apple/Downloads/nutritioncolours/src/content/locations/alathur-obesity.md
[DRY] → /Users/apple/Downloads/nutritioncolours/src/content/locations/alathur-hypertension.md
[DRY] → /Users/apple/Downloads/nutritioncolours/src/content/locations/alathur-thyroid-dysregulation.md
[DRY] → /Users/apple/Downloads/nutritioncolours/src/content/locations/alathur-fatty-liver.md
[DRY] → /Users/apple/Downloads/nutritioncolours/src/content/locations/allappuzha-hypertension.md
[DRY] → /Users/apple/Downloads/nutritioncolours/src/content/locations/allappuzha-pcodpcos.md
[DRY] → /Users/apple/Downloads/nutritioncolours/src/content/locations/allappuzha-fatty-liver.md
[DRY] → /Users/apple/Downloads/nutritioncolours/src/content/locations/allappuzha-metabolic-syndrome.md
[DRY] → /Users/apple/Downloads/nutritioncolours/src/content/locations/aluva-dyslipidemia.md
[DRY] → /Users/apple/Downloads/nutritioncolours/src/content/locations/aluva-pcodpcos.md
[DRY] → /Users/apple/Downloads/nutritioncolours/src/content/locations/aluva-thyroid-dysregulation.md
[DRY] → /Users/apple/Downloads/nutritioncolours/src/content/locations/attungal-obesity.md
[DRY] → /Users/apple/Downloads/nutritioncolours/src/content/locations/attungal-dyslipidemia.md
[DRY] → /Users/apple/Downloads/nutritioncolours/src/content/locations/attungal-pcodpcos.md
[DRY] → /Users/apple/Downloads/nutritioncolours/src/content/locations/attungal-thyroid-dysregulation.md
[DRY] → /Users/apple/Downloads/nutritioncolours/src/content/locations/chalakudi-type-2-diabetes.md
[DRY] → /Users/apple/Downloads/nutritioncolours/src/content/locations/chalakudi-obesity.md
[DRY] → /Users/apple/Downloads/nutritioncolours/src/content/locations/chalakudi-thyroid-dysregulation.md
[DRY] → /Users/apple/Downloads/nutritioncolours/src/content/locations/chenganacherry-obesity.md
[DRY] → /Users/apple/Downloads/nutritioncolours/src/content/locations/chenganacherry-dyslipidemia.md
[DRY] → /Users/apple/Downloads/nutritioncolours/src/content/locations/chenganacherry-pcodpcos.md
[DRY] → /Users/apple/Downloads/nutritioncolours/src/content/locations/chengannur-obesity.md
[DRY] → /Users/apple/Downloads/nutritioncolours/src/content/locations/chengannur-circadian-desynchrony.md
[DRY] → /Users/apple/Downloads/nutritioncolours/src/content/locations/cherthala-type-2-diabetes.md
[DRY] → /Users/apple/Downloads/nutritioncolours/src/content/locations/cherthala-obesity.md
[DRY] → /Users/apple/Downloads/nutritioncolours/src/content/locations/cherthala-dyslipidemia.md
[DRY] → /Users/apple/Downloads/nutritioncolours/src/content/locations/cherthala-thyroid-dysregulation.md
[DRY] → /Users/apple/Downloads/nutritioncolours/src/content/locations/cherthala-metabolic-syndrome.md
[DRY] → /Users/apple/Downloads/nutritioncolours/src/content/locations/ernakulam-hypertension.md
[DRY] → /Users/apple/Downloads/nutritioncolours/src/content/locations/ernakulam-fatty-liver.md
[DRY] → /Users/apple/Downloads/nutritioncolours/src/content/locations/irinjalakuda-hypertension.md
[DRY] → /Users/apple/Downloads/nutritioncolours/src/content/locations/irinjalakuda-insulin-resistance.md
[DRY] → /Users/apple/Downloads/nutritioncolours/src/content/locations/irinjalakuda-dyslipidemia.md
[DRY] → /Users/apple/Downloads/nutritioncolours/src/content/locations/kalpett-type-2-diabetes.md
[DRY] → /Users/apple/Downloads/nutritioncolours/src/content/locations/kalpett-pcodpcos.md
[DRY] → /Users/apple/Downloads/nutritioncolours/src/content/locations/kalpett-thyroid-dysregulation.md
[DRY] → /Users/apple/Downloads/nutritioncolours/src/content/locations/kalpett-metabolic-syndrome.md
[DRY] → /Users/apple/Downloads/nutritioncolours/src/content/locations/kanhangad-type-2-diabetes.md
[DRY] → /Users/apple/Downloads/nutritioncolours/src/content/locations/kanhangad-dyslipidemia.md
[DRY] → /Users/apple/Downloads/nutritioncolours/src/content/locations/kanhangad-metabolic-syndrome.md
[DRY] → /Users/apple/Downloads/nutritioncolours/src/content/locations/kanjeri-type-2-diabetes.md
[DRY] → /Users/apple/Downloads/nutritioncolours/src/content/locations/kanjeri-insulin-resistance.md
[DRY] → /Users/apple/Downloads/nutritioncolours/src/content/locations/kanjeri-pcodpcos.md
[DRY] → /Users/apple/Downloads/nutritioncolours/src/content/locations/kanjeri-fatty-liver.md
[DRY] → /Users/apple/Downloads/nutritioncolours/src/content/locations/kanjirapally-obesity.md
[DRY] → /Users/apple/Downloads/nutritioncolours/src/content/locations/kanjirapally-thyroid-dysregulation.md
[DRY] → /Users/apple/Downloads/nutritioncolours/src/content/locations/kanjirapally-fatty-liver.md
[DRY] → /Users/apple/Downloads/nutritioncolours/src/content/locations/kanjirapally-circadian-desynchrony.md
[DRY] → /Users/apple/Downloads/nutritioncolours/src/content/locations/kannur-type-2-diabetes.md
[DRY] → /Users/apple/Downloads/nutritioncolours/src/content/locations/kannur-pcodpcos.md
[DRY] → /Users/apple/Downloads/nutritioncolours/src/content/locations/kannur-circadian-desynchrony.md
[DRY] → /Users/apple/Downloads/nutritioncolours/src/content/locations/karunagapally-pcodpcos.md
[DRY] → /Users/apple/Downloads/nutritioncolours/src/content/locations/karunagapally-circadian-desynchrony.md
[DRY] → /Users/apple/Downloads/nutritioncolours/src/content/locations/kasaragod-insulin-resistance.md
[DRY] → /Users/apple/Downloads/nutritioncolours/src/content/locations/kasaragod-pcodpcos.md
[DRY] → /Users/apple/Downloads/nutritioncolours/src/content/locations/kasaragod-thyroid-dysregulation.md
[DRY] → /Users/apple/Downloads/nutritioncolours/src/content/locations/kasaragod-fatty-liver.md
[DRY] → /Users/apple/Downloads/nutritioncolours/src/content/locations/kasaragod-circadian-desynchrony.md
[DRY] → /Users/apple/Downloads/nutritioncolours/src/content/locations/kattappana-type-2-diabetes.md
[DRY] → /Users/apple/Downloads/nutritioncolours/src/content/locations/kattappana-obesity.md
[DRY] → /Users/apple/Downloads/nutritioncolours/src/content/locations/kattappana-hypertension.md
[DRY] → /Users/apple/Downloads/nutritioncolours/src/content/locations/kattappana-circadian-desynchrony.md
[DRY] → /Users/apple/Downloads/nutritioncolours/src/content/locations/kayamkulam-type-2-diabetes.md
[DRY] → /Users/apple/Downloads/nutritioncolours/src/content/locations/kayamkulam-hypertension.md
[DRY] → /Users/apple/Downloads/nutritioncolours/src/content/locations/kayamkulam-dyslipidemia.md
[DRY] → /Users/apple/Downloads/nutritioncolours/src/content/locations/kayamkulam-metabolic-syndrome.md
[DRY] → /Users/apple/Downloads/nutritioncolours/src/content/locations/kochi-hypertension.md
[DRY] → /Users/apple/Downloads/nutritioncolours/src/content/locations/kochi-insulin-resistance.md
[DRY] → /Users/apple/Downloads/nutritioncolours/src/content/locations/kochi-thyroid-dysregulation.md
[DRY] → /Users/apple/Downloads/nutritioncolours/src/content/locations/kollam-pcodpcos.md
[DRY] → /Users/apple/Downloads/nutritioncolours/src/content/locations/kollam-thyroid-dysregulation.md
[DRY] → /Users/apple/Downloads/nutritioncolours/src/content/locations/kollam-metabolic-syndrome.md
[DRY] → /Users/apple/Downloads/nutritioncolours/src/content/locations/kottarakara-hypertension.md
[DRY] → /Users/apple/Downloads/nutritioncolours/src/content/locations/kottarakara-dyslipidemia.md
[DRY] → /Users/apple/Downloads/nutritioncolours/src/content/locations/kottarakara-thyroid-dysregulation.md
[DRY] → /Users/apple/Downloads/nutritioncolours/src/content/locations/kottarakara-circadian-desynchrony.md
[DRY] → /Users/apple/Downloads/nutritioncolours/src/content/locations/kottayam-type-2-diabetes.md
[DRY] → /Users/apple/Downloads/nutritioncolours/src/content/locations/kottayam-dyslipidemia.md
[DRY] → /Users/apple/Downloads/nutritioncolours/src/content/locations/kottayam-thyroid-dysregulation.md
[DRY] → /Users/apple/Downloads/nutritioncolours/src/content/locations/kottayam-fatty-liver.md
[DRY] → /Users/apple/Downloads/nutritioncolours/src/content/locations/kozhikode-circadian-desynchrony.md
[DRY] → /Users/apple/Downloads/nutritioncolours/src/content/locations/kozhikode-metabolic-syndrome.md
[DRY] → /Users/apple/Downloads/nutritioncolours/src/content/locations/kozhikode-civil-station-dyslipidemia.md
[DRY] → /Users/apple/Downloads/nutritioncolours/src/content/locations/kozhikode-civil-station-thyroid-dysregulation.md
[DRY] → /Users/apple/Downloads/nutritioncolours/src/content/locations/kozhikode-civil-station-fatty-liver.md
[DRY] → /Users/apple/Downloads/nutritioncolours/src/content/locations/kozhikode-civil-station-circadian-desynchrony.md
[DRY] → /Users/apple/Downloads/nutritioncolours/src/content/locations/kunnamkulam-type-2-diabetes.md
[DRY] → /Users/apple/Downloads/nutritioncolours/src/content/locations/kunnamkulam-obesity.md
[DRY] → /Users/apple/Downloads/nutritioncolours/src/content/locations/kunnamkulam-insulin-resistance.md
[DRY] → /Users/apple/Downloads/nutritioncolours/src/content/locations/kunnamkulam-dyslipidemia.md
[DRY] → /Users/apple/Downloads/nutritioncolours/src/content/locations/malappuram-type-2-diabetes.md
[DRY] → /Users/apple/Downloads/nutritioncolours/src/content/locations/malappuram-hypertension.md
[DRY] → /Users/apple/Downloads/nutritioncolours/src/content/locations/malappuram-metabolic-syndrome.md
[DRY] → /Users/apple/Downloads/nutritioncolours/src/content/locations/mavelikara-type-2-diabetes.md
[DRY] → /Users/apple/Downloads/nutritioncolours/src/content/locations/mavelikara-obesity.md
[DRY] → /Users/apple/Downloads/nutritioncolours/src/content/locations/mavelikara-hypertension.md
[DRY] → /Users/apple/Downloads/nutritioncolours/src/content/locations/muvattupuzha-obesity.md
[DRY] → /Users/apple/Downloads/nutritioncolours/src/content/locations/muvattupuzha-fatty-liver.md
[DRY] → /Users/apple/Downloads/nutritioncolours/src/content/locations/neyyattinkara-insulin-resistance.md
[DRY] → /Users/apple/Downloads/nutritioncolours/src/content/locations/neyyattinkara-pcodpcos.md
[DRY] → /Users/apple/Downloads/nutritioncolours/src/content/locations/neyyattinkara-metabolic-syndrome.md
[DRY] → /Users/apple/Downloads/nutritioncolours/src/content/locations/olavakkot-pcodpcos.md
[DRY] → /Users/apple/Downloads/nutritioncolours/src/content/locations/olavakkot-thyroid-dysregulation.md
[DRY] → /Users/apple/Downloads/nutritioncolours/src/content/locations/olavakkot-fatty-liver.md
[DRY] → /Users/apple/Downloads/nutritioncolours/src/content/locations/olavakkot-circadian-desynchrony.md
[DRY] → /Users/apple/Downloads/nutritioncolours/src/content/locations/olavakkot-metabolic-syndrome.md
[DRY] → /Users/apple/Downloads/nutritioncolours/src/content/locations/ottapalm-pcodpcos.md
[DRY] → /Users/apple/Downloads/nutritioncolours/src/content/locations/ottapalm-thyroid-dysregulation.md
[DRY] → /Users/apple/Downloads/nutritioncolours/src/content/locations/ottapalm-fatty-liver.md
[DRY] → /Users/apple/Downloads/nutritioncolours/src/content/locations/ottapalm-metabolic-syndrome.md
[DRY] → /Users/apple/Downloads/nutritioncolours/src/content/locations/palai-hypertension.md
[DRY] → /Users/apple/Downloads/nutritioncolours/src/content/locations/palai-insulin-resistance.md
[DRY] → /Users/apple/Downloads/nutritioncolours/src/content/locations/palai-thyroid-dysregulation.md
[DRY] → /Users/apple/Downloads/nutritioncolours/src/content/locations/palai-fatty-liver.md
[DRY] → /Users/apple/Downloads/nutritioncolours/src/content/locations/palakkad-obesity.md
[DRY] → /Users/apple/Downloads/nutritioncolours/src/content/locations/palakkad-insulin-resistance.md
[DRY] → /Users/apple/Downloads/nutritioncolours/src/content/locations/palakkad-dyslipidemia.md
[DRY] → /Users/apple/Downloads/nutritioncolours/src/content/locations/palakkad-pcodpcos.md
[DRY] → /Users/apple/Downloads/nutritioncolours/src/content/locations/palakkad-circadian-desynchrony.md
[DRY] → /Users/apple/Downloads/nutritioncolours/src/content/locations/pathanamthitta-type-2-diabetes.md
[DRY] → /Users/apple/Downloads/nutritioncolours/src/content/locations/pathanamthitta-fatty-liver.md
[DRY] → /Users/apple/Downloads/nutritioncolours/src/content/locations/pathanamthitta-metabolic-syndrome.md
[DRY] → /Users/apple/Downloads/nutritioncolours/src/content/locations/perumbavoor-hypertension.md
[DRY] → /Users/apple/Downloads/nutritioncolours/src/content/locations/perumbavoor-fatty-liver.md
[DRY] → /Users/apple/Downloads/nutritioncolours/src/content/locations/perumbavoor-metabolic-syndrome.md
[DRY] → /Users/apple/Downloads/nutritioncolours/src/content/locations/ponani-pcodpcos.md
[DRY] → /Users/apple/Downloads/nutritioncolours/src/content/locations/ponani-thyroid-dysregulation.md
[DRY] → /Users/apple/Downloads/nutritioncolours/src/content/locations/ponani-fatty-liver.md
[DRY] → /Users/apple/Downloads/nutritioncolours/src/content/locations/ponani-metabolic-syndrome.md
[DRY] → /Users/apple/Downloads/nutritioncolours/src/content/locations/punalur-type-2-diabetes.md
[DRY] → /Users/apple/Downloads/nutritioncolours/src/content/locations/punalur-hypertension.md
[DRY] → /Users/apple/Downloads/nutritioncolours/src/content/locations/punalur-insulin-resistance.md
[DRY] → /Users/apple/Downloads/nutritioncolours/src/content/locations/quilandy-obesity.md
[DRY] → /Users/apple/Downloads/nutritioncolours/src/content/locations/quilandy-hypertension.md
[DRY] → /Users/apple/Downloads/nutritioncolours/src/content/locations/quilandy-dyslipidemia.md
[DRY] → /Users/apple/Downloads/nutritioncolours/src/content/locations/quilandy-thyroid-dysregulation.md
[DRY] → /Users/apple/Downloads/nutritioncolours/src/content/locations/quilandy-fatty-liver.md
[DRY] → /Users/apple/Downloads/nutritioncolours/src/content/locations/taliparamba-obesity.md
[DRY] → /Users/apple/Downloads/nutritioncolours/src/content/locations/taliparamba-pcodpcos.md
[DRY] → /Users/apple/Downloads/nutritioncolours/src/content/locations/taliparamba-circadian-desynchrony.md
[DRY] → /Users/apple/Downloads/nutritioncolours/src/content/locations/thalassery-hypertension.md
[DRY] → /Users/apple/Downloads/nutritioncolours/src/content/locations/thalassery-insulin-resistance.md
[DRY] → /Users/apple/Downloads/nutritioncolours/src/content/locations/thalassery-circadian-desynchrony.md
[DRY] → /Users/apple/Downloads/nutritioncolours/src/content/locations/thiruvananthapuram-hypertension.md
[DRY] → /Users/apple/Downloads/nutritioncolours/src/content/locations/thiruvananthapuram-pcodpcos.md
[DRY] → /Users/apple/Downloads/nutritioncolours/src/content/locations/thiruvananthapuram-fatty-liver.md
[DRY] → /Users/apple/Downloads/nutritioncolours/src/content/locations/thodupuzha-type-2-diabetes.md
[DRY] → /Users/apple/Downloads/nutritioncolours/src/content/locations/thodupuzha-insulin-resistance.md
[DRY] → /Users/apple/Downloads/nutritioncolours/src/content/locations/thodupuzha-dyslipidemia.md
[DRY] → /Users/apple/Downloads/nutritioncolours/src/content/locations/thrissur-type-2-diabetes.md
[DRY] → /Users/apple/Downloads/nutritioncolours/src/content/locations/thrissur-hypertension.md
[DRY] → /Users/apple/Downloads/nutritioncolours/src/content/locations/thrissur-pcodpcos.md
[DRY] → /Users/apple/Downloads/nutritioncolours/src/content/locations/thrissur-metabolic-syndrome.md
[DRY] → /Users/apple/Downloads/nutritioncolours/src/content/locations/thycaud-type-2-diabetes.md
[DRY] → /Users/apple/Downloads/nutritioncolours/src/content/locations/thycaud-hypertension.md
[DRY] → /Users/apple/Downloads/nutritioncolours/src/content/locations/thycaud-insulin-resistance.md
[DRY] → /Users/apple/Downloads/nutritioncolours/src/content/locations/thycaud-thyroid-dysregulation.md
[DRY] → /Users/apple/Downloads/nutritioncolours/src/content/locations/tirur-type-2-diabetes.md
[DRY] → /Users/apple/Downloads/nutritioncolours/src/content/locations/tirur-dyslipidemia.md
[DRY] → /Users/apple/Downloads/nutritioncolours/src/content/locations/tirur-fatty-liver.md
[DRY] → /Users/apple/Downloads/nutritioncolours/src/content/locations/tiruvalla-type-2-diabetes.md
[DRY] → /Users/apple/Downloads/nutritioncolours/src/content/locations/tiruvalla-insulin-resistance.md
[DRY] → /Users/apple/Downloads/nutritioncolours/src/content/locations/tiruvalla-metabolic-syndrome.md
[DRY] → /Users/apple/Downloads/nutritioncolours/src/content/locations/vadakancherry-insulin-resistance.md
[DRY] → /Users/apple/Downloads/nutritioncolours/src/content/locations/vadakancherry-dyslipidemia.md
[DRY] → /Users/apple/Downloads/nutritioncolours/src/content/locations/vadakancherry-pcodpcos.md
[DRY] → /Users/apple/Downloads/nutritioncolours/src/content/locations/vadakara-type-2-diabetes.md
[DRY] → /Users/apple/Downloads/nutritioncolours/src/content/locations/vadakara-pcodpcos.md
[DRY] → /Users/apple/Downloads/nutritioncolours/src/content/locations/vadakara-fatty-liver.md
[DRY] → /Users/apple/Downloads/nutritioncolours/src/content/locations/vadakara-circadian-desynchrony.md
[DRY] → /Users/apple/Downloads/nutritioncolours/src/content/locations/vaikom-insulin-resistance.md
[DRY] → /Users/apple/Downloads/nutritioncolours/src/content/locations/vaikom-pcodpcos.md
[DRY] → /Users/apple/Downloads/nutritioncolours/src/content/locations/vaikom-circadian-desynchrony.md
[DRY] → /Users/apple/Downloads/nutritioncolours/src/content/locations/ambalmukal-type-2-diabetes.md
[DRY] → /Users/apple/Downloads/nutritioncolours/src/content/locations/ambalmukal-circadian-desynchrony.md
[DRY] → /Users/apple/Downloads/nutritioncolours/src/content/locations/ambalmukal-metabolic-syndrome.md
[DRY] → /Users/apple/Downloads/nutritioncolours/src/content/locations/amini-obesity.md
[DRY] → /Users/apple/Downloads/nutritioncolours/src/content/locations/amini-insulin-resistance.md
[DRY] → /Users/apple/Downloads/nutritioncolours/src/content/locations/amini-fatty-liver.md
[DRY] → /Users/apple/Downloads/nutritioncolours/src/content/locations/androth-dyslipidemia.md
[DRY] → /Users/apple/Downloads/nutritioncolours/src/content/locations/androth-circadian-desynchrony.md
[DRY] → /Users/apple/Downloads/nutritioncolours/src/content/locations/androth-metabolic-syndrome.md
[DRY] → /Users/apple/Downloads/nutritioncolours/src/content/locations/ashikkal-hypertension.md
[DRY] → /Users/apple/Downloads/nutritioncolours/src/content/locations/ashikkal-circadian-desynchrony.md
[DRY] → /Users/apple/Downloads/nutritioncolours/src/content/locations/ashikkal-metabolic-syndrome.md
[DRY] → /Users/apple/Downloads/nutritioncolours/src/content/locations/kadnat-obesity.md
[DRY] → /Users/apple/Downloads/nutritioncolours/src/content/locations/kadnat-dyslipidemia.md
[DRY] → /Users/apple/Downloads/nutritioncolours/src/content/locations/kadnat-thyroid-dysregulation.md
[DRY] → /Users/apple/Downloads/nutritioncolours/src/content/locations/kaknad-type-2-diabetes.md
[DRY] → /Users/apple/Downloads/nutritioncolours/src/content/locations/kaknad-dyslipidemia.md
[DRY] → /Users/apple/Downloads/nutritioncolours/src/content/locations/kaknad-pcodpcos.md
[DRY] → /Users/apple/Downloads/nutritioncolours/src/content/locations/kaknad-metabolic-syndrome.md
[DRY] → /Users/apple/Downloads/nutritioncolours/src/content/locations/kalpeni-hypertension.md
[DRY] → /Users/apple/Downloads/nutritioncolours/src/content/locations/kalpeni-insulin-resistance.md
[DRY] → /Users/apple/Downloads/nutritioncolours/src/content/locations/kalpeni-metabolic-syndrome.md
[DRY] → /Users/apple/Downloads/nutritioncolours/src/content/locations/minicoy-type-2-diabetes.md
[DRY] → /Users/apple/Downloads/nutritioncolours/src/content/locations/minicoy-obesity.md
[DRY] → /Users/apple/Downloads/nutritioncolours/src/content/locations/minicoy-dyslipidemia.md
[DRY] → /Users/apple/Downloads/nutritioncolours/src/content/locations/balaghat-obesity.md
[DRY] → /Users/apple/Downloads/nutritioncolours/src/content/locations/balaghat-insulin-resistance.md
[DRY] → /Users/apple/Downloads/nutritioncolours/src/content/locations/balaghat-dyslipidemia.md
[DRY] → /Users/apple/Downloads/nutritioncolours/src/content/locations/balaghat-pcodpcos.md
[DRY] → /Users/apple/Downloads/nutritioncolours/src/content/locations/betul-circadian-desynchrony.md
[DRY] → /Users/apple/Downloads/nutritioncolours/src/content/locations/betul-metabolic-syndrome.md
[DRY] → /Users/apple/Downloads/nutritioncolours/src/content/locations/bhilai-sb-dyslipidemia.md
[DRY] → /Users/apple/Downloads/nutritioncolours/src/content/locations/bhilai-sb-pcodpcos.md
[DRY] → /Users/apple/Downloads/nutritioncolours/src/content/locations/bhilai-sb-fatty-liver.md
[DRY] → /Users/apple/Downloads/nutritioncolours/src/content/locations/bhilai-sb-circadian-desynchrony.md
[DRY] → /Users/apple/Downloads/nutritioncolours/src/content/locations/bhind-obesity.md
[DRY] → /Users/apple/Downloads/nutritioncolours/src/content/locations/bhind-hypertension.md
[DRY] → /Users/apple/Downloads/nutritioncolours/src/content/locations/bhind-dyslipidemia.md
[DRY] → /Users/apple/Downloads/nutritioncolours/src/content/locations/bhind-thyroid-dysregulation.md
[DRY] → /Users/apple/Downloads/nutritioncolours/src/content/locations/bhind-circadian-desynchrony.md
[DRY] → /Users/apple/Downloads/nutritioncolours/src/content/locations/bhopal-bhel-fatty-liver.md
[DRY] → /Users/apple/Downloads/nutritioncolours/src/content/locations/bhopal-bhel-metabolic-syndrome.md
[DRY] → /Users/apple/Downloads/nutritioncolours/src/content/locations/bhopal-cit-nagar-dyslipidemia.md
[DRY] → /Users/apple/Downloads/nutritioncolours/src/content/locations/bhopal-cit-nagar-pcodpcos.md
[DRY] → /Users/apple/Downloads/nutritioncolours/src/content/locations/bhopal-cit-nagar-thyroid-dysregulation.md
[DRY] → /Users/apple/Downloads/nutritioncolours/src/content/locations/bhopal-gpo-obesity.md
[DRY] → /Users/apple/Downloads/nutritioncolours/src/content/locations/bhopal-gpo-dyslipidemia.md
[DRY] → /Users/apple/Downloads/nutritioncolours/src/content/locations/bhopal-gpo-pcodpcos.md
[DRY] → /Users/apple/Downloads/nutritioncolours/src/content/locations/bhopal-gpo-circadian-desynchrony.md
[DRY] → /Users/apple/Downloads/nutritioncolours/src/content/locations/bilaspur-insulin-resistance.md
[DRY] → /Users/apple/Downloads/nutritioncolours/src/content/locations/bilaspur-pcodpcos.md
[DRY] → /Users/apple/Downloads/nutritioncolours/src/content/locations/bilaspur-thyroid-dysregulation.md
[DRY] → /Users/apple/Downloads/nutritioncolours/src/content/locations/chhaindwara-type-2-diabetes.md
[DRY] → /Users/apple/Downloads/nutritioncolours/src/content/locations/chhaindwara-obesity.md
[DRY] → /Users/apple/Downloads/nutritioncolours/src/content/locations/chhatarpur-city-thyroid-dysregulation.md
[DRY] → /Users/apple/Downloads/nutritioncolours/src/content/locations/chhatarpur-city-metabolic-syndrome.md
[DRY] → /Users/apple/Downloads/nutritioncolours/src/content/locations/damoh-hypertension.md
[DRY] → /Users/apple/Downloads/nutritioncolours/src/content/locations/damoh-insulin-resistance.md
[DRY] → /Users/apple/Downloads/nutritioncolours/src/content/locations/damoh-pcodpcos.md
[DRY] → /Users/apple/Downloads/nutritioncolours/src/content/locations/datia-hypertension.md
[DRY] → /Users/apple/Downloads/nutritioncolours/src/content/locations/datia-pcodpcos.md
[DRY] → /Users/apple/Downloads/nutritioncolours/src/content/locations/datia-fatty-liver.md
[DRY] → /Users/apple/Downloads/nutritioncolours/src/content/locations/dewas-type-2-diabetes.md
[DRY] → /Users/apple/Downloads/nutritioncolours/src/content/locations/dewas-hypertension.md
[DRY] → /Users/apple/Downloads/nutritioncolours/src/content/locations/dewas-dyslipidemia.md
[DRY] → /Users/apple/Downloads/nutritioncolours/src/content/locations/dewas-pcodpcos.md
[DRY] → /Users/apple/Downloads/nutritioncolours/src/content/locations/dewas-fatty-liver.md
[DRY] → /Users/apple/Downloads/nutritioncolours/src/content/locations/dhar-type-2-diabetes.md
[DRY] → /Users/apple/Downloads/nutritioncolours/src/content/locations/dhar-pcodpcos.md
[DRY] → /Users/apple/Downloads/nutritioncolours/src/content/locations/dhar-circadian-desynchrony.md
[DRY] → /Users/apple/Downloads/nutritioncolours/src/content/locations/dhar-metabolic-syndrome.md
[DRY] → /Users/apple/Downloads/nutritioncolours/src/content/locations/durg-pcodpcos.md
[DRY] → /Users/apple/Downloads/nutritioncolours/src/content/locations/durg-fatty-liver.md
[DRY] → /Users/apple/Downloads/nutritioncolours/src/content/locations/durg-metabolic-syndrome.md
[DRY] → /Users/apple/Downloads/nutritioncolours/src/content/locations/guna-type-2-diabetes.md
[DRY] → /Users/apple/Downloads/nutritioncolours/src/content/locations/guna-thyroid-dysregulation.md
[DRY] → /Users/apple/Downloads/nutritioncolours/src/content/locations/gwalior-type-2-diabetes.md
[DRY] → /Users/apple/Downloads/nutritioncolours/src/content/locations/gwalior-hypertension.md
[DRY] → /Users/apple/Downloads/nutritioncolours/src/content/locations/hoshangabad-hypertension.md
[DRY] → /Users/apple/Downloads/nutritioncolours/src/content/locations/hoshangabad-circadian-desynchrony.md
[DRY] → /Users/apple/Downloads/nutritioncolours/src/content/locations/indore-type-2-diabetes.md
[DRY] → /Users/apple/Downloads/nutritioncolours/src/content/locations/indore-obesity.md
[DRY] → /Users/apple/Downloads/nutritioncolours/src/content/locations/indore-hypertension.md
[DRY] → /Users/apple/Downloads/nutritioncolours/src/content/locations/indore-circadian-desynchrony.md
[DRY] → /Users/apple/Downloads/nutritioncolours/src/content/locations/kanker-obesity.md
[DRY] → /Users/apple/Downloads/nutritioncolours/src/content/locations/kanker-dyslipidemia.md
[DRY] → /Users/apple/Downloads/nutritioncolours/src/content/locations/kanker-metabolic-syndrome.md
[DRY] → /Users/apple/Downloads/nutritioncolours/src/content/locations/katni-type-2-diabetes.md
[DRY] → /Users/apple/Downloads/nutritioncolours/src/content/locations/katni-dyslipidemia.md
[DRY] → /Users/apple/Downloads/nutritioncolours/src/content/locations/katni-thyroid-dysregulation.md
[DRY] → /Users/apple/Downloads/nutritioncolours/src/content/locations/katni-circadian-desynchrony.md
[DRY] → /Users/apple/Downloads/nutritioncolours/src/content/locations/khandwa-hypertension.md
[DRY] → /Users/apple/Downloads/nutritioncolours/src/content/locations/khandwa-dyslipidemia.md
[DRY] → /Users/apple/Downloads/nutritioncolours/src/content/locations/khandwa-pcodpcos.md
[DRY] → /Users/apple/Downloads/nutritioncolours/src/content/locations/khandwa-circadian-desynchrony.md
[DRY] → /Users/apple/Downloads/nutritioncolours/src/content/locations/khandwa-metabolic-syndrome.md
[DRY] → /Users/apple/Downloads/nutritioncolours/src/content/locations/khargone-insulin-resistance.md
[DRY] → /Users/apple/Downloads/nutritioncolours/src/content/locations/khargone-thyroid-dysregulation.md
[DRY] → /Users/apple/Downloads/nutritioncolours/src/content/locations/khargone-circadian-desynchrony.md
[DRY] → /Users/apple/Downloads/nutritioncolours/src/content/locations/korba-type-2-diabetes.md
[DRY] → /Users/apple/Downloads/nutritioncolours/src/content/locations/korba-insulin-resistance.md
[DRY] → /Users/apple/Downloads/nutritioncolours/src/content/locations/korba-fatty-liver.md
[DRY] → /Users/apple/Downloads/nutritioncolours/src/content/locations/mandla-obesity.md
[DRY] → /Users/apple/Downloads/nutritioncolours/src/content/locations/mandla-fatty-liver.md
[DRY] → /Users/apple/Downloads/nutritioncolours/src/content/locations/mandla-metabolic-syndrome.md
[DRY] → /Users/apple/Downloads/nutritioncolours/src/content/locations/mandsaur-type-2-diabetes.md
[DRY] → /Users/apple/Downloads/nutritioncolours/src/content/locations/mandsaur-obesity.md
[DRY] → /Users/apple/Downloads/nutritioncolours/src/content/locations/mandsaur-hypertension.md
[DRY] → /Users/apple/Downloads/nutritioncolours/src/content/locations/morar-hypertension.md
[DRY] → /Users/apple/Downloads/nutritioncolours/src/content/locations/morar-dyslipidemia.md
[DRY] → /Users/apple/Downloads/nutritioncolours/src/content/locations/morar-circadian-desynchrony.md
[DRY] → /Users/apple/Downloads/nutritioncolours/src/content/locations/morena-obesity.md
[DRY] → /Users/apple/Downloads/nutritioncolours/src/content/locations/morena-hypertension.md
[DRY] → /Users/apple/Downloads/nutritioncolours/src/content/locations/morena-circadian-desynchrony.md
[DRY] → /Users/apple/Downloads/nutritioncolours/src/content/locations/narsinghpur-obesity.md
[DRY] → /Users/apple/Downloads/nutritioncolours/src/content/locations/narsinghpur-hypertension.md
[DRY] → /Users/apple/Downloads/nutritioncolours/src/content/locations/narsinghpur-insulin-resistance.md
[DRY] → /Users/apple/Downloads/nutritioncolours/src/content/locations/narsinghpur-dyslipidemia.md
[DRY] → /Users/apple/Downloads/nutritioncolours/src/content/locations/neemuch-obesity.md
[DRY] → /Users/apple/Downloads/nutritioncolours/src/content/locations/neemuch-insulin-resistance.md
[DRY] → /Users/apple/Downloads/nutritioncolours/src/content/locations/neemuch-fatty-liver.md
[DRY] → /Users/apple/Downloads/nutritioncolours/src/content/locations/panna-pcodpcos.md
[DRY] → /Users/apple/Downloads/nutritioncolours/src/content/locations/panna-thyroid-dysregulation.md
[DRY] → /Users/apple/Downloads/nutritioncolours/src/content/locations/panna-circadian-desynchrony.md
[DRY] → /Users/apple/Downloads/nutritioncolours/src/content/locations/raigarh-type-2-diabetes.md
[DRY] → /Users/apple/Downloads/nutritioncolours/src/content/locations/raigarh-dyslipidemia.md
[DRY] → /Users/apple/Downloads/nutritioncolours/src/content/locations/raigarh-metabolic-syndrome.md
[DRY] → /Users/apple/Downloads/nutritioncolours/src/content/locations/raipur-type-2-diabetes.md
[DRY] → /Users/apple/Downloads/nutritioncolours/src/content/locations/raipur-obesity.md
[DRY] → /Users/apple/Downloads/nutritioncolours/src/content/locations/raipur-dyslipidemia.md
[DRY] → /Users/apple/Downloads/nutritioncolours/src/content/locations/raipur-circadian-desynchrony.md
[DRY] → /Users/apple/Downloads/nutritioncolours/src/content/locations/raisen-type-2-diabetes.md
[DRY] → /Users/apple/Downloads/nutritioncolours/src/content/locations/raisen-circadian-desynchrony.md
[DRY] → /Users/apple/Downloads/nutritioncolours/src/content/locations/raisen-metabolic-syndrome.md
[DRY] → /Users/apple/Downloads/nutritioncolours/src/content/locations/rajgarh-obesity.md
[DRY] → /Users/apple/Downloads/nutritioncolours/src/content/locations/rajgarh-dyslipidemia.md
[DRY] → /Users/apple/Downloads/nutritioncolours/src/content/locations/rajgarh-pcodpcos.md
[DRY] → /Users/apple/Downloads/nutritioncolours/src/content/locations/rajgarh-thyroid-dysregulation.md
[DRY] → /Users/apple/Downloads/nutritioncolours/src/content/locations/rajnandgaon-hypertension.md
[DRY] → /Users/apple/Downloads/nutritioncolours/src/content/locations/rajnandgaon-fatty-liver.md
[DRY] → /Users/apple/Downloads/nutritioncolours/src/content/locations/rajnandgaon-circadian-desynchrony.md
[DRY] → /Users/apple/Downloads/nutritioncolours/src/content/locations/ratlam-hypertension.md
[DRY] → /Users/apple/Downloads/nutritioncolours/src/content/locations/ratlam-dyslipidemia.md
[DRY] → /Users/apple/Downloads/nutritioncolours/src/content/locations/ratlam-thyroid-dysregulation.md
[DRY] → /Users/apple/Downloads/nutritioncolours/src/content/locations/ratlam-circadian-desynchrony.md
[DRY] → /Users/apple/Downloads/nutritioncolours/src/content/locations/rewa-dyslipidemia.md
[DRY] → /Users/apple/Downloads/nutritioncolours/src/content/locations/rewa-circadian-desynchrony.md
[DRY] → /Users/apple/Downloads/nutritioncolours/src/content/locations/sagar-cantt-hypertension.md
[DRY] → /Users/apple/Downloads/nutritioncolours/src/content/locations/sagar-cantt-metabolic-syndrome.md
[DRY] → /Users/apple/Downloads/nutritioncolours/src/content/locations/santa-obesity.md
[DRY] → /Users/apple/Downloads/nutritioncolours/src/content/locations/santa-insulin-resistance.md
[DRY] → /Users/apple/Downloads/nutritioncolours/src/content/locations/santa-fatty-liver.md
[DRY] → /Users/apple/Downloads/nutritioncolours/src/content/locations/sehore-type-2-diabetes.md
[DRY] → /Users/apple/Downloads/nutritioncolours/src/content/locations/sehore-insulin-resistance.md
[DRY] → /Users/apple/Downloads/nutritioncolours/src/content/locations/sehore-pcodpcos.md
[DRY] → /Users/apple/Downloads/nutritioncolours/src/content/locations/seoni-type-2-diabetes.md
[DRY] → /Users/apple/Downloads/nutritioncolours/src/content/locations/seoni-insulin-resistance.md
[DRY] → /Users/apple/Downloads/nutritioncolours/src/content/locations/seoni-circadian-desynchrony.md
[DRY] → /Users/apple/Downloads/nutritioncolours/src/content/locations/shahdol-type-2-diabetes.md
[DRY] → /Users/apple/Downloads/nutritioncolours/src/content/locations/shahdol-hypertension.md
[DRY] → /Users/apple/Downloads/nutritioncolours/src/content/locations/shahdol-insulin-resistance.md
[DRY] → /Users/apple/Downloads/nutritioncolours/src/content/locations/shajapur-obesity.md
[DRY] → /Users/apple/Downloads/nutritioncolours/src/content/locations/shajapur-dyslipidemia.md
[DRY] → /Users/apple/Downloads/nutritioncolours/src/content/locations/shajapur-pcodpcos.md
[DRY] → /Users/apple/Downloads/nutritioncolours/src/content/locations/shajapur-fatty-liver.md
[DRY] → /Users/apple/Downloads/nutritioncolours/src/content/locations/shivpuri-obesity.md
[DRY] → /Users/apple/Downloads/nutritioncolours/src/content/locations/shivpuri-circadian-desynchrony.md
[DRY] → /Users/apple/Downloads/nutritioncolours/src/content/locations/sidhi-obesity.md
[DRY] → /Users/apple/Downloads/nutritioncolours/src/content/locations/sidhi-dyslipidemia.md
[DRY] → /Users/apple/Downloads/nutritioncolours/src/content/locations/sidhi-circadian-desynchrony.md
[DRY] → /Users/apple/Downloads/nutritioncolours/src/content/locations/tikamgarh-type-2-diabetes.md
[DRY] → /Users/apple/Downloads/nutritioncolours/src/content/locations/tikamgarh-obesity.md
[DRY] → /Users/apple/Downloads/nutritioncolours/src/content/locations/tikamgarh-dyslipidemia.md
[DRY] → /Users/apple/Downloads/nutritioncolours/src/content/locations/ujjain-dyslipidemia.md
[DRY] → /Users/apple/Downloads/nutritioncolours/src/content/locations/ujjain-thyroid-dysregulation.md
[DRY] → /Users/apple/Downloads/nutritioncolours/src/content/locations/ujjain-circadian-desynchrony.md
[DRY] → /Users/apple/Downloads/nutritioncolours/src/content/locations/vidisha-type-2-diabetes.md
[DRY] → /Users/apple/Downloads/nutritioncolours/src/content/locations/vidisha-dyslipidemia.md
[DRY] → /Users/apple/Downloads/nutritioncolours/src/content/locations/vidisha-thyroid-dysregulation.md
[DRY] → /Users/apple/Downloads/nutritioncolours/src/content/locations/yeshwant-road-dyslipidemia.md
[DRY] → /Users/apple/Downloads/nutritioncolours/src/content/locations/yeshwant-road-thyroid-dysregulation.md
[DRY] → /Users/apple/Downloads/nutritioncolours/src/content/locations/ahmednagar-hypertension.md
[DRY] → /Users/apple/Downloads/nutritioncolours/src/content/locations/ahmednagar-metabolic-syndrome.md
[DRY] → /Users/apple/Downloads/nutritioncolours/src/content/locations/akola-type-2-diabetes.md
[DRY] → /Users/apple/Downloads/nutritioncolours/src/content/locations/akola-obesity.md
[DRY] → /Users/apple/Downloads/nutritioncolours/src/content/locations/akola-insulin-resistance.md
[DRY] → /Users/apple/Downloads/nutritioncolours/src/content/locations/akola-metabolic-syndrome.md
[DRY] → /Users/apple/Downloads/nutritioncolours/src/content/locations/amaravati-dyslipidemia.md
[DRY] → /Users/apple/Downloads/nutritioncolours/src/content/locations/amaravati-pcodpcos.md
[DRY] → /Users/apple/Downloads/nutritioncolours/src/content/locations/amaravati-metabolic-syndrome.md
[DRY] → /Users/apple/Downloads/nutritioncolours/src/content/locations/aurangabad-type-2-diabetes.md
[DRY] → /Users/apple/Downloads/nutritioncolours/src/content/locations/aurangabad-insulin-resistance.md
[DRY] → /Users/apple/Downloads/nutritioncolours/src/content/locations/aurangabad-circadian-desynchrony.md
[DRY] → /Users/apple/Downloads/nutritioncolours/src/content/locations/buldhana-type-2-diabetes.md
[DRY] → /Users/apple/Downloads/nutritioncolours/src/content/locations/buldhana-hypertension.md
[DRY] → /Users/apple/Downloads/nutritioncolours/src/content/locations/buldhana-dyslipidemia.md
[DRY] → /Users/apple/Downloads/nutritioncolours/src/content/locations/buldhana-fatty-liver.md
[DRY] → /Users/apple/Downloads/nutritioncolours/src/content/locations/chalisgaon-dyslipidemia.md
[DRY] → /Users/apple/Downloads/nutritioncolours/src/content/locations/chalisgaon-pcodpcos.md
[DRY] → /Users/apple/Downloads/nutritioncolours/src/content/locations/chalisgaon-thyroid-dysregulation.md
[DRY] → /Users/apple/Downloads/nutritioncolours/src/content/locations/chandrapur-type-2-diabetes.md
[DRY] → /Users/apple/Downloads/nutritioncolours/src/content/locations/chandrapur-hypertension.md
[DRY] → /Users/apple/Downloads/nutritioncolours/src/content/locations/chandrapur-insulin-resistance.md
[DRY] → /Users/apple/Downloads/nutritioncolours/src/content/locations/chandrapur-dyslipidemia.md
[DRY] → /Users/apple/Downloads/nutritioncolours/src/content/locations/chandrapur-metabolic-syndrome.md
[DRY] → /Users/apple/Downloads/nutritioncolours/src/content/locations/chembur-type-2-diabetes.md
[DRY] → /Users/apple/Downloads/nutritioncolours/src/content/locations/chembur-obesity.md
[DRY] → /Users/apple/Downloads/nutritioncolours/src/content/locations/chembur-hypertension.md
[DRY] → /Users/apple/Downloads/nutritioncolours/src/content/locations/chembur-insulin-resistance.md
[DRY] → /Users/apple/Downloads/nutritioncolours/src/content/locations/chembur-thyroid-dysregulation.md
[DRY] → /Users/apple/Downloads/nutritioncolours/src/content/locations/chinchbunder-obesity.md
[DRY] → /Users/apple/Downloads/nutritioncolours/src/content/locations/chinchbunder-dyslipidemia.md
[DRY] → /Users/apple/Downloads/nutritioncolours/src/content/locations/chiplun-obesity.md
[DRY] → /Users/apple/Downloads/nutritioncolours/src/content/locations/chiplun-pcodpcos.md
[DRY] → /Users/apple/Downloads/nutritioncolours/src/content/locations/chiplun-fatty-liver.md
[DRY] → /Users/apple/Downloads/nutritioncolours/src/content/locations/chiplun-circadian-desynchrony.md
[DRY] → /Users/apple/Downloads/nutritioncolours/src/content/locations/chiplun-metabolic-syndrome.md
[DRY] → /Users/apple/Downloads/nutritioncolours/src/content/locations/dadar-dyslipidemia.md
[DRY] → /Users/apple/Downloads/nutritioncolours/src/content/locations/dadar-fatty-liver.md
[DRY] → /Users/apple/Downloads/nutritioncolours/src/content/locations/dhule-obesity.md
[DRY] → /Users/apple/Downloads/nutritioncolours/src/content/locations/dhule-insulin-resistance.md
[DRY] → /Users/apple/Downloads/nutritioncolours/src/content/locations/dhule-thyroid-dysregulation.md
[DRY] → /Users/apple/Downloads/nutritioncolours/src/content/locations/ghatkoper-east-obesity.md
[DRY] → /Users/apple/Downloads/nutritioncolours/src/content/locations/ghatkoper-east-metabolic-syndrome.md
[DRY] → /Users/apple/Downloads/nutritioncolours/src/content/locations/girgaon-type-2-diabetes.md
[DRY] → /Users/apple/Downloads/nutritioncolours/src/content/locations/girgaon-obesity.md
[DRY] → /Users/apple/Downloads/nutritioncolours/src/content/locations/girgaon-circadian-desynchrony.md
[DRY] → /Users/apple/Downloads/nutritioncolours/src/content/locations/gondia-hypertension.md
[DRY] → /Users/apple/Downloads/nutritioncolours/src/content/locations/gondia-dyslipidemia.md
[DRY] → /Users/apple/Downloads/nutritioncolours/src/content/locations/gondia-fatty-liver.md
[DRY] → /Users/apple/Downloads/nutritioncolours/src/content/locations/gondia-metabolic-syndrome.md
[DRY] → /Users/apple/Downloads/nutritioncolours/src/content/locations/ichalkaranji-type-2-diabetes.md
[DRY] → /Users/apple/Downloads/nutritioncolours/src/content/locations/ichalkaranji-obesity.md
[DRY] → /Users/apple/Downloads/nutritioncolours/src/content/locations/ichalkaranji-pcodpcos.md
[DRY] → /Users/apple/Downloads/nutritioncolours/src/content/locations/ichalkaranji-thyroid-dysregulation.md
[DRY] → /Users/apple/Downloads/nutritioncolours/src/content/locations/kalbadevi-hypertension.md
[DRY] → /Users/apple/Downloads/nutritioncolours/src/content/locations/kalbadevi-thyroid-dysregulation.md
[DRY] → /Users/apple/Downloads/nutritioncolours/src/content/locations/kalbadevi-fatty-liver.md
[DRY] → /Users/apple/Downloads/nutritioncolours/src/content/locations/kalyan-city-hypertension.md
[DRY] → /Users/apple/Downloads/nutritioncolours/src/content/locations/kalyan-city-insulin-resistance.md
[DRY] → /Users/apple/Downloads/nutritioncolours/src/content/locations/kalyan-city-thyroid-dysregulation.md
[DRY] → /Users/apple/Downloads/nutritioncolours/src/content/locations/kalyan-city-circadian-desynchrony.md
[DRY] → /Users/apple/Downloads/nutritioncolours/src/content/locations/kamptee-type-2-diabetes.md
[DRY] → /Users/apple/Downloads/nutritioncolours/src/content/locations/kamptee-fatty-liver.md
[DRY] → /Users/apple/Downloads/nutritioncolours/src/content/locations/kamptee-circadian-desynchrony.md
[DRY] → /Users/apple/Downloads/nutritioncolours/src/content/locations/karad-obesity.md
[DRY] → /Users/apple/Downloads/nutritioncolours/src/content/locations/karad-hypertension.md
[DRY] → /Users/apple/Downloads/nutritioncolours/src/content/locations/karad-insulin-resistance.md
[DRY] → /Users/apple/Downloads/nutritioncolours/src/content/locations/karad-pcodpcos.md
[DRY] → /Users/apple/Downloads/nutritioncolours/src/content/locations/karad-circadian-desynchrony.md
[DRY] → /Users/apple/Downloads/nutritioncolours/src/content/locations/khamgaon-type-2-diabetes.md
[DRY] → /Users/apple/Downloads/nutritioncolours/src/content/locations/khamgaon-obesity.md
[DRY] → /Users/apple/Downloads/nutritioncolours/src/content/locations/khamgaon-fatty-liver.md
[DRY] → /Users/apple/Downloads/nutritioncolours/src/content/locations/khamgaon-metabolic-syndrome.md
[DRY] → /Users/apple/Downloads/nutritioncolours/src/content/locations/kolhapur-type-2-diabetes.md
[DRY] → /Users/apple/Downloads/nutritioncolours/src/content/locations/kolhapur-thyroid-dysregulation.md
[DRY] → /Users/apple/Downloads/nutritioncolours/src/content/locations/kolhapur-fatty-liver.md
[DRY] → /Users/apple/Downloads/nutritioncolours/src/content/locations/kolhapur-city-insulin-resistance.md
[DRY] → /Users/apple/Downloads/nutritioncolours/src/content/locations/kolhapur-city-pcodpcos.md
[DRY] → /Users/apple/Downloads/nutritioncolours/src/content/locations/kolhapur-city-thyroid-dysregulation.md
[DRY] → /Users/apple/Downloads/nutritioncolours/src/content/locations/kolhapur-city-fatty-liver.md
[DRY] → /Users/apple/Downloads/nutritioncolours/src/content/locations/kolhapur-city-metabolic-syndrome.md
[DRY] → /Users/apple/Downloads/nutritioncolours/src/content/locations/latur-fatty-liver.md
[DRY] → /Users/apple/Downloads/nutritioncolours/src/content/locations/latur-metabolic-syndrome.md
[DRY] → /Users/apple/Downloads/nutritioncolours/src/content/locations/mahim-type-2-diabetes.md
[DRY] → /Users/apple/Downloads/nutritioncolours/src/content/locations/mahim-obesity.md
[DRY] → /Users/apple/Downloads/nutritioncolours/src/content/locations/mahim-hypertension.md
[DRY] → /Users/apple/Downloads/nutritioncolours/src/content/locations/mahim-thyroid-dysregulation.md
[DRY] → /Users/apple/Downloads/nutritioncolours/src/content/locations/malegaon-town-type-2-diabetes.md
[DRY] → /Users/apple/Downloads/nutritioncolours/src/content/locations/malegaon-town-insulin-resistance.md
[DRY] → /Users/apple/Downloads/nutritioncolours/src/content/locations/malegaon-town-thyroid-dysregulation.md
[DRY] → /Users/apple/Downloads/nutritioncolours/src/content/locations/malegaon-town-circadian-desynchrony.md
[DRY] → /Users/apple/Downloads/nutritioncolours/src/content/locations/malvan-hypertension.md
[DRY] → /Users/apple/Downloads/nutritioncolours/src/content/locations/malvan-dyslipidemia.md
[DRY] → /Users/apple/Downloads/nutritioncolours/src/content/locations/mandvi-dyslipidemia.md
[DRY] → /Users/apple/Downloads/nutritioncolours/src/content/locations/mandvi-pcodpcos.md
[DRY] → /Users/apple/Downloads/nutritioncolours/src/content/locations/mandvi-fatty-liver.md
[DRY] → /Users/apple/Downloads/nutritioncolours/src/content/locations/mandvi-metabolic-syndrome.md
[DRY] → /Users/apple/Downloads/nutritioncolours/src/content/locations/margo-obesity.md
[DRY] → /Users/apple/Downloads/nutritioncolours/src/content/locations/margo-pcodpcos.md
[DRY] → /Users/apple/Downloads/nutritioncolours/src/content/locations/margo-circadian-desynchrony.md
[DRY] → /Users/apple/Downloads/nutritioncolours/src/content/locations/margo-metabolic-syndrome.md
[DRY] → /Users/apple/Downloads/nutritioncolours/src/content/locations/miraj-type-2-diabetes.md
[DRY] → /Users/apple/Downloads/nutritioncolours/src/content/locations/miraj-dyslipidemia.md
[DRY] → /Users/apple/Downloads/nutritioncolours/src/content/locations/miraj-metabolic-syndrome.md
[DRY] → /Users/apple/Downloads/nutritioncolours/src/content/locations/mulund-circadian-desynchrony.md
[DRY] → /Users/apple/Downloads/nutritioncolours/src/content/locations/mulund-metabolic-syndrome.md
[DRY] → /Users/apple/Downloads/nutritioncolours/src/content/locations/mumbai-gpo-hypertension.md
[DRY] → /Users/apple/Downloads/nutritioncolours/src/content/locations/mumbai-gpo-fatty-liver.md
[DRY] → /Users/apple/Downloads/nutritioncolours/src/content/locations/mumbai-gpo-metabolic-syndrome.md
[DRY] → /Users/apple/Downloads/nutritioncolours/src/content/locations/mumbai-central-obesity.md
[DRY] → /Users/apple/Downloads/nutritioncolours/src/content/locations/mumbai-central-hypertension.md
[DRY] → /Users/apple/Downloads/nutritioncolours/src/content/locations/mumbai-central-pcodpcos.md
[DRY] → /Users/apple/Downloads/nutritioncolours/src/content/locations/mumbai-central-thyroid-dysregulation.md
[DRY] → /Users/apple/Downloads/nutritioncolours/src/content/locations/murtizapur-type-2-diabetes.md
[DRY] → /Users/apple/Downloads/nutritioncolours/src/content/locations/murtizapur-insulin-resistance.md
[DRY] → /Users/apple/Downloads/nutritioncolours/src/content/locations/murtizapur-pcodpcos.md
[DRY] → /Users/apple/Downloads/nutritioncolours/src/content/locations/nagpur-city-hypertension.md
[DRY] → /Users/apple/Downloads/nutritioncolours/src/content/locations/nagpur-city-pcodpcos.md
[DRY] → /Users/apple/Downloads/nutritioncolours/src/content/locations/nagpur-city-circadian-desynchrony.md
[DRY] → /Users/apple/Downloads/nutritioncolours/src/content/locations/nagpur-city-metabolic-syndrome.md
[DRY] → /Users/apple/Downloads/nutritioncolours/src/content/locations/nagpur-gpo-type-2-diabetes.md
[DRY] → /Users/apple/Downloads/nutritioncolours/src/content/locations/nagpur-gpo-pcodpcos.md
[DRY] → /Users/apple/Downloads/nutritioncolours/src/content/locations/nagpur-gpo-thyroid-dysregulation.md
[DRY] → /Users/apple/Downloads/nutritioncolours/src/content/locations/nagpur-gpo-metabolic-syndrome.md
[DRY] → /Users/apple/Downloads/nutritioncolours/src/content/locations/nanded-dyslipidemia.md
[DRY] → /Users/apple/Downloads/nutritioncolours/src/content/locations/nanded-fatty-liver.md
[DRY] → /Users/apple/Downloads/nutritioncolours/src/content/locations/nashik-type-2-diabetes.md
[DRY] → /Users/apple/Downloads/nutritioncolours/src/content/locations/nashik-insulin-resistance.md
[DRY] → /Users/apple/Downloads/nutritioncolours/src/content/locations/nashik-pcodpcos.md
[DRY] → /Users/apple/Downloads/nutritioncolours/src/content/locations/nashik-circadian-desynchrony.md
[DRY] → /Users/apple/Downloads/nutritioncolours/src/content/locations/nashik-road-hypertension.md
[DRY] → /Users/apple/Downloads/nutritioncolours/src/content/locations/nashik-road-insulin-resistance.md
[DRY] → /Users/apple/Downloads/nutritioncolours/src/content/locations/nashik-road-fatty-liver.md
[DRY] → /Users/apple/Downloads/nutritioncolours/src/content/locations/osmanabad-hypertension.md
[DRY] → /Users/apple/Downloads/nutritioncolours/src/content/locations/osmanabad-dyslipidemia.md
[DRY] → /Users/apple/Downloads/nutritioncolours/src/content/locations/osmanabad-thyroid-dysregulation.md
[DRY] → /Users/apple/Downloads/nutritioncolours/src/content/locations/palghar-hypertension.md
[DRY] → /Users/apple/Downloads/nutritioncolours/src/content/locations/palghar-pcodpcos.md
[DRY] → /Users/apple/Downloads/nutritioncolours/src/content/locations/palghar-fatty-liver.md
[DRY] → /Users/apple/Downloads/nutritioncolours/src/content/locations/palghar-circadian-desynchrony.md
[DRY] → /Users/apple/Downloads/nutritioncolours/src/content/locations/panagi-dyslipidemia.md
[DRY] → /Users/apple/Downloads/nutritioncolours/src/content/locations/panagi-circadian-desynchrony.md
[DRY] → /Users/apple/Downloads/nutritioncolours/src/content/locations/pandharpur-type-2-diabetes.md
[DRY] → /Users/apple/Downloads/nutritioncolours/src/content/locations/pandharpur-insulin-resistance.md
[DRY] → /Users/apple/Downloads/nutritioncolours/src/content/locations/pandharpur-pcodpcos.md
[DRY] → /Users/apple/Downloads/nutritioncolours/src/content/locations/pandharpur-fatty-liver.md
[DRY] → /Users/apple/Downloads/nutritioncolours/src/content/locations/pandharpur-circadian-desynchrony.md
[DRY] → /Users/apple/Downloads/nutritioncolours/src/content/locations/panvel-insulin-resistance.md
[DRY] → /Users/apple/Downloads/nutritioncolours/src/content/locations/panvel-dyslipidemia.md
[DRY] → /Users/apple/Downloads/nutritioncolours/src/content/locations/paratwada-type-2-diabetes.md
[DRY] → /Users/apple/Downloads/nutritioncolours/src/content/locations/paratwada-obesity.md
[DRY] → /Users/apple/Downloads/nutritioncolours/src/content/locations/paratwada-fatty-liver.md
[DRY] → /Users/apple/Downloads/nutritioncolours/src/content/locations/paratwada-metabolic-syndrome.md
[DRY] → /Users/apple/Downloads/nutritioncolours/src/content/locations/parbhani-type-2-diabetes.md
[DRY] → /Users/apple/Downloads/nutritioncolours/src/content/locations/parbhani-insulin-resistance.md
[DRY] → /Users/apple/Downloads/nutritioncolours/src/content/locations/parbhani-pcodpcos.md
[DRY] → /Users/apple/Downloads/nutritioncolours/src/content/locations/parbhani-metabolic-syndrome.md
[DRY] → /Users/apple/Downloads/nutritioncolours/src/content/locations/parleshwar-obesity.md
[DRY] → /Users/apple/Downloads/nutritioncolours/src/content/locations/parleshwar-hypertension.md
[DRY] → /Users/apple/Downloads/nutritioncolours/src/content/locations/parleshwar-insulin-resistance.md
[DRY] → /Users/apple/Downloads/nutritioncolours/src/content/locations/parleshwar-thyroid-dysregulation.md
[DRY] → /Users/apple/Downloads/nutritioncolours/src/content/locations/pune-obesity.md
[DRY] → /Users/apple/Downloads/nutritioncolours/src/content/locations/pune-hypertension.md
[DRY] → /Users/apple/Downloads/nutritioncolours/src/content/locations/pune-fatty-liver.md
[DRY] → /Users/apple/Downloads/nutritioncolours/src/content/locations/pune-circadian-desynchrony.md
[DRY] → /Users/apple/Downloads/nutritioncolours/src/content/locations/pune-city-type-2-diabetes.md
[DRY] → /Users/apple/Downloads/nutritioncolours/src/content/locations/pune-city-fatty-liver.md
[DRY] → /Users/apple/Downloads/nutritioncolours/src/content/locations/pune-city-metabolic-syndrome.md
[DRY] → /Users/apple/Downloads/nutritioncolours/src/content/locations/ratnagiri-pcodpcos.md
[DRY] → /Users/apple/Downloads/nutritioncolours/src/content/locations/ratnagiri-circadian-desynchrony.md
[DRY] → /Users/apple/Downloads/nutritioncolours/src/content/locations/sangli-dyslipidemia.md
[DRY] → /Users/apple/Downloads/nutritioncolours/src/content/locations/sangli-thyroid-dysregulation.md
[DRY] → /Users/apple/Downloads/nutritioncolours/src/content/locations/satara-pcodpcos.md
[DRY] → /Users/apple/Downloads/nutritioncolours/src/content/locations/satara-thyroid-dysregulation.md
[DRY] → /Users/apple/Downloads/nutritioncolours/src/content/locations/sawantwadi-obesity.md
[DRY] → /Users/apple/Downloads/nutritioncolours/src/content/locations/sawantwadi-hypertension.md
[DRY] → /Users/apple/Downloads/nutritioncolours/src/content/locations/sawantwadi-pcodpcos.md
[DRY] → /Users/apple/Downloads/nutritioncolours/src/content/locations/shivajinagar-pune-dyslipidemia.md
[DRY] → /Users/apple/Downloads/nutritioncolours/src/content/locations/shivajinagar-pune-circadian-desynchrony.md
[DRY] → /Users/apple/Downloads/nutritioncolours/src/content/locations/shivajinagar-pune-metabolic-syndrome.md
[DRY] → /Users/apple/Downloads/nutritioncolours/src/content/locations/shrirampur-type-2-diabetes.md
[DRY] → /Users/apple/Downloads/nutritioncolours/src/content/locations/shrirampur-obesity.md
[DRY] → /Users/apple/Downloads/nutritioncolours/src/content/locations/shrirampur-dyslipidemia.md
[DRY] → /Users/apple/Downloads/nutritioncolours/src/content/locations/shrirampur-pcodpcos.md
[DRY] → /Users/apple/Downloads/nutritioncolours/src/content/locations/shrirampur-metabolic-syndrome.md
[DRY] → /Users/apple/Downloads/nutritioncolours/src/content/locations/solapur-hypertension.md
[DRY] → /Users/apple/Downloads/nutritioncolours/src/content/locations/solapur-thyroid-dysregulation.md
[DRY] → /Users/apple/Downloads/nutritioncolours/src/content/locations/solapur-fatty-liver.md
[DRY] → /Users/apple/Downloads/nutritioncolours/src/content/locations/solapur-metabolic-syndrome.md
[DRY] → /Users/apple/Downloads/nutritioncolours/src/content/locations/thane-hypertension.md
[DRY] → /Users/apple/Downloads/nutritioncolours/src/content/locations/thane-pcodpcos.md
[DRY] → /Users/apple/Downloads/nutritioncolours/src/content/locations/thane-fatty-liver.md
[DRY] → /Users/apple/Downloads/nutritioncolours/src/content/locations/wardha-type-2-diabetes.md
[DRY] → /Users/apple/Downloads/nutritioncolours/src/content/locations/wardha-hypertension.md
[DRY] → /Users/apple/Downloads/nutritioncolours/src/content/locations/wardha-circadian-desynchrony.md
[DRY] → /Users/apple/Downloads/nutritioncolours/src/content/locations/yeotamal-thyroid-dysregulation.md
[DRY] → /Users/apple/Downloads/nutritioncolours/src/content/locations/yeotamal-circadian-desynchrony.md
[DRY] → /Users/apple/Downloads/nutritioncolours/src/content/locations/yeotamal-metabolic-syndrome.md
[DRY] → /Users/apple/Downloads/nutritioncolours/src/content/locations/alibag-type-2-diabetes.md
[DRY] → /Users/apple/Downloads/nutritioncolours/src/content/locations/alibag-insulin-resistance.md
[DRY] → /Users/apple/Downloads/nutritioncolours/src/content/locations/alibag-fatty-liver.md
[DRY] → /Users/apple/Downloads/nutritioncolours/src/content/locations/alibag-metabolic-syndrome.md
[DRY] → /Users/apple/Downloads/nutritioncolours/src/content/locations/bishanpur-type-2-diabetes.md
[DRY] → /Users/apple/Downloads/nutritioncolours/src/content/locations/bishanpur-fatty-liver.md
[DRY] → /Users/apple/Downloads/nutritioncolours/src/content/locations/bishanpur-circadian-desynchrony.md
[DRY] → /Users/apple/Downloads/nutritioncolours/src/content/locations/chakpirang-type-2-diabetes.md
[DRY] → /Users/apple/Downloads/nutritioncolours/src/content/locations/chakpirang-hypertension.md
[DRY] → /Users/apple/Downloads/nutritioncolours/src/content/locations/chakpirang-dyslipidemia.md
[DRY] → /Users/apple/Downloads/nutritioncolours/src/content/locations/chandel-obesity.md
[DRY] → /Users/apple/Downloads/nutritioncolours/src/content/locations/chandel-circadian-desynchrony.md
[DRY] → /Users/apple/Downloads/nutritioncolours/src/content/locations/chandel-metabolic-syndrome.md
[DRY] → /Users/apple/Downloads/nutritioncolours/src/content/locations/chingkompong-obesity.md
[DRY] → /Users/apple/Downloads/nutritioncolours/src/content/locations/chingkompong-pcodpcos.md
[DRY] → /Users/apple/Downloads/nutritioncolours/src/content/locations/chingkompong-circadian-desynchrony.md
[DRY] → /Users/apple/Downloads/nutritioncolours/src/content/locations/chingkompong-metabolic-syndrome.md
[DRY] → /Users/apple/Downloads/nutritioncolours/src/content/locations/churachandpur-obesity.md
[DRY] → /Users/apple/Downloads/nutritioncolours/src/content/locations/churachandpur-hypertension.md
[DRY] → /Users/apple/Downloads/nutritioncolours/src/content/locations/churachandpur-insulin-resistance.md
[DRY] → /Users/apple/Downloads/nutritioncolours/src/content/locations/churachandpur-pcodpcos.md
[DRY] → /Users/apple/Downloads/nutritioncolours/src/content/locations/churachandpur-circadian-desynchrony.md
[DRY] → /Users/apple/Downloads/nutritioncolours/src/content/locations/dhamloan-type-2-diabetes.md
[DRY] → /Users/apple/Downloads/nutritioncolours/src/content/locations/dhamloan-obesity.md
[DRY] → /Users/apple/Downloads/nutritioncolours/src/content/locations/dhamloan-fatty-liver.md
[DRY] → /Users/apple/Downloads/nutritioncolours/src/content/locations/dhamloan-circadian-desynchrony.md
[DRY] → /Users/apple/Downloads/nutritioncolours/src/content/locations/giribam-obesity.md
[DRY] → /Users/apple/Downloads/nutritioncolours/src/content/locations/giribam-hypertension.md
[DRY] → /Users/apple/Downloads/nutritioncolours/src/content/locations/gular-thal-type-2-diabetes.md
[DRY] → /Users/apple/Downloads/nutritioncolours/src/content/locations/gular-thal-insulin-resistance.md
[DRY] → /Users/apple/Downloads/nutritioncolours/src/content/locations/gular-thal-dyslipidemia.md
[DRY] → /Users/apple/Downloads/nutritioncolours/src/content/locations/gular-thal-fatty-liver.md
[DRY] → /Users/apple/Downloads/nutritioncolours/src/content/locations/imphal-gpo-pcodpcos.md
[DRY] → /Users/apple/Downloads/nutritioncolours/src/content/locations/imphal-gpo-circadian-desynchrony.md
[DRY] → /Users/apple/Downloads/nutritioncolours/src/content/locations/imphal-gpo-metabolic-syndrome.md
[DRY] → /Users/apple/Downloads/nutritioncolours/src/content/locations/kakching-bazar-thyroid-dysregulation.md
[DRY] → /Users/apple/Downloads/nutritioncolours/src/content/locations/kakching-bazar-fatty-liver.md
[DRY] → /Users/apple/Downloads/nutritioncolours/src/content/locations/kakching-bazar-circadian-desynchrony.md
[DRY] → /Users/apple/Downloads/nutritioncolours/src/content/locations/kala-pahad-insulin-resistance.md
[DRY] → /Users/apple/Downloads/nutritioncolours/src/content/locations/kala-pahad-pcodpcos.md
[DRY] → /Users/apple/Downloads/nutritioncolours/src/content/locations/kala-pahad-fatty-liver.md
[DRY] → /Users/apple/Downloads/nutritioncolours/src/content/locations/karong-obesity.md
[DRY] → /Users/apple/Downloads/nutritioncolours/src/content/locations/karong-insulin-resistance.md
[DRY] → /Users/apple/Downloads/nutritioncolours/src/content/locations/karong-circadian-desynchrony.md
[DRY] → /Users/apple/Downloads/nutritioncolours/src/content/locations/kongkopi-obesity.md
[DRY] → /Users/apple/Downloads/nutritioncolours/src/content/locations/kongkopi-insulin-resistance.md
[DRY] → /Users/apple/Downloads/nutritioncolours/src/content/locations/kongkopi-dyslipidemia.md
[DRY] → /Users/apple/Downloads/nutritioncolours/src/content/locations/kongkopi-fatty-liver.md
[DRY] → /Users/apple/Downloads/nutritioncolours/src/content/locations/lamlongbazar-obesity.md
[DRY] → /Users/apple/Downloads/nutritioncolours/src/content/locations/lamlongbazar-hypertension.md
[DRY] → /Users/apple/Downloads/nutritioncolours/src/content/locations/lamlongbazar-insulin-resistance.md
[DRY] → /Users/apple/Downloads/nutritioncolours/src/content/locations/lamphelpat-type-2-diabetes.md
[DRY] → /Users/apple/Downloads/nutritioncolours/src/content/locations/lamphelpat-pcodpcos.md
[DRY] → /Users/apple/Downloads/nutritioncolours/src/content/locations/lamphelpat-thyroid-dysregulation.md
[DRY] → /Users/apple/Downloads/nutritioncolours/src/content/locations/lamsang-type-2-diabetes.md
[DRY] → /Users/apple/Downloads/nutritioncolours/src/content/locations/lamsang-obesity.md
[DRY] → /Users/apple/Downloads/nutritioncolours/src/content/locations/lamsang-hypertension.md
[DRY] → /Users/apple/Downloads/nutritioncolours/src/content/locations/lamsang-circadian-desynchrony.md
[DRY] → /Users/apple/Downloads/nutritioncolours/src/content/locations/lilong-fatty-liver.md
[DRY] → /Users/apple/Downloads/nutritioncolours/src/content/locations/lilong-circadian-desynchrony.md
[DRY] → /Users/apple/Downloads/nutritioncolours/src/content/locations/lilong-metabolic-syndrome.md
[DRY] → /Users/apple/Downloads/nutritioncolours/src/content/locations/loktak-project-obesity.md
[DRY] → /Users/apple/Downloads/nutritioncolours/src/content/locations/loktak-project-dyslipidemia.md
[DRY] → /Users/apple/Downloads/nutritioncolours/src/content/locations/loktak-project-pcodpcos.md
[DRY] → /Users/apple/Downloads/nutritioncolours/src/content/locations/manipur-vishwavidyalay-obesity.md
[DRY] → /Users/apple/Downloads/nutritioncolours/src/content/locations/manipur-vishwavidyalay-fatty-liver.md
[DRY] → /Users/apple/Downloads/nutritioncolours/src/content/locations/mantri-pokhri-hypertension.md
[DRY] → /Users/apple/Downloads/nutritioncolours/src/content/locations/mantri-pokhri-thyroid-dysregulation.md
[DRY] → /Users/apple/Downloads/nutritioncolours/src/content/locations/mantri-pokhri-metabolic-syndrome.md
[DRY] → /Users/apple/Downloads/nutritioncolours/src/content/locations/mao-pcodpcos.md
[DRY] → /Users/apple/Downloads/nutritioncolours/src/content/locations/mao-fatty-liver.md
[DRY] → /Users/apple/Downloads/nutritioncolours/src/content/locations/mao-circadian-desynchrony.md
[DRY] → /Users/apple/Downloads/nutritioncolours/src/content/locations/mao-metabolic-syndrome.md
[DRY] → /Users/apple/Downloads/nutritioncolours/src/content/locations/mayang-imphal-obesity.md
[DRY] → /Users/apple/Downloads/nutritioncolours/src/content/locations/mayang-imphal-dyslipidemia.md
[DRY] → /Users/apple/Downloads/nutritioncolours/src/content/locations/mayang-imphal-pcodpcos.md
[DRY] → /Users/apple/Downloads/nutritioncolours/src/content/locations/mayang-imphal-fatty-liver.md
[DRY] → /Users/apple/Downloads/nutritioncolours/src/content/locations/moirang-type-2-diabetes.md
[DRY] → /Users/apple/Downloads/nutritioncolours/src/content/locations/moirang-obesity.md
[DRY] → /Users/apple/Downloads/nutritioncolours/src/content/locations/moirang-pcodpcos.md
[DRY] → /Users/apple/Downloads/nutritioncolours/src/content/locations/morai-insulin-resistance.md
[DRY] → /Users/apple/Downloads/nutritioncolours/src/content/locations/morai-dyslipidemia.md
[DRY] → /Users/apple/Downloads/nutritioncolours/src/content/locations/morai-pcodpcos.md
[DRY] → /Users/apple/Downloads/nutritioncolours/src/content/locations/nambol-obesity.md
[DRY] → /Users/apple/Downloads/nutritioncolours/src/content/locations/nambol-hypertension.md
[DRY] → /Users/apple/Downloads/nutritioncolours/src/content/locations/nambol-insulin-resistance.md
[DRY] → /Users/apple/Downloads/nutritioncolours/src/content/locations/nambol-dyslipidemia.md
[DRY] → /Users/apple/Downloads/nutritioncolours/src/content/locations/nambol-pcodpcos.md
[DRY] → /Users/apple/Downloads/nutritioncolours/src/content/locations/nungba-obesity.md
[DRY] → /Users/apple/Downloads/nutritioncolours/src/content/locations/nungba-thyroid-dysregulation.md
[DRY] → /Users/apple/Downloads/nutritioncolours/src/content/locations/nungba-circadian-desynchrony.md
[DRY] → /Users/apple/Downloads/nutritioncolours/src/content/locations/pagaiyangdong-type-2-diabetes.md
[DRY] → /Users/apple/Downloads/nutritioncolours/src/content/locations/pagaiyangdong-obesity.md
[DRY] → /Users/apple/Downloads/nutritioncolours/src/content/locations/pagaiyangdong-hypertension.md
[DRY] → /Users/apple/Downloads/nutritioncolours/src/content/locations/pagaiyangdong-pcodpcos.md
[DRY] → /Users/apple/Downloads/nutritioncolours/src/content/locations/pagaiyangdong-fatty-liver.md
[DRY] → /Users/apple/Downloads/nutritioncolours/src/content/locations/palel-insulin-resistance.md
[DRY] → /Users/apple/Downloads/nutritioncolours/src/content/locations/palel-thyroid-dysregulation.md
[DRY] → /Users/apple/Downloads/nutritioncolours/src/content/locations/palel-circadian-desynchrony.md
[DRY] → /Users/apple/Downloads/nutritioncolours/src/content/locations/saikot-type-2-diabetes.md
[DRY] → /Users/apple/Downloads/nutritioncolours/src/content/locations/saikot-obesity.md
[DRY] → /Users/apple/Downloads/nutritioncolours/src/content/locations/saikot-dyslipidemia.md
[DRY] → /Users/apple/Downloads/nutritioncolours/src/content/locations/saikot-thyroid-dysregulation.md
[DRY] → /Users/apple/Downloads/nutritioncolours/src/content/locations/sekmai-obesity.md
[DRY] → /Users/apple/Downloads/nutritioncolours/src/content/locations/sekmai-insulin-resistance.md
[DRY] → /Users/apple/Downloads/nutritioncolours/src/content/locations/sekmai-fatty-liver.md
[DRY] → /Users/apple/Downloads/nutritioncolours/src/content/locations/sekmai-circadian-desynchrony.md
[DRY] → /Users/apple/Downloads/nutritioncolours/src/content/locations/sekmai-metabolic-syndrome.md
[DRY] → /Users/apple/Downloads/nutritioncolours/src/content/locations/senapati-type-2-diabetes.md
[DRY] → /Users/apple/Downloads/nutritioncolours/src/content/locations/senapati-thyroid-dysregulation.md
[DRY] → /Users/apple/Downloads/nutritioncolours/src/content/locations/senapati-metabolic-syndrome.md
[DRY] → /Users/apple/Downloads/nutritioncolours/src/content/locations/singghat-obesity.md
[DRY] → /Users/apple/Downloads/nutritioncolours/src/content/locations/singghat-hypertension.md
[DRY] → /Users/apple/Downloads/nutritioncolours/src/content/locations/singghat-thyroid-dysregulation.md
[DRY] → /Users/apple/Downloads/nutritioncolours/src/content/locations/singghat-metabolic-syndrome.md
[DRY] → /Users/apple/Downloads/nutritioncolours/src/content/locations/singjamai-bazar-dyslipidemia.md
[DRY] → /Users/apple/Downloads/nutritioncolours/src/content/locations/singjamai-bazar-pcodpcos.md
[DRY] → /Users/apple/Downloads/nutritioncolours/src/content/locations/singjamai-bazar-fatty-liver.md
[DRY] → /Users/apple/Downloads/nutritioncolours/src/content/locations/somdal-hypertension.md
[DRY] → /Users/apple/Downloads/nutritioncolours/src/content/locations/somdal-dyslipidemia.md
[DRY] → /Users/apple/Downloads/nutritioncolours/src/content/locations/somdal-circadian-desynchrony.md
[DRY] → /Users/apple/Downloads/nutritioncolours/src/content/locations/sugumu-obesity.md
[DRY] → /Users/apple/Downloads/nutritioncolours/src/content/locations/sugumu-hypertension.md
[DRY] → /Users/apple/Downloads/nutritioncolours/src/content/locations/sugumu-dyslipidemia.md
[DRY] → /Users/apple/Downloads/nutritioncolours/src/content/locations/sugumu-thyroid-dysregulation.md
[DRY] → /Users/apple/Downloads/nutritioncolours/src/content/locations/ukhrul-obesity.md
[DRY] → /Users/apple/Downloads/nutritioncolours/src/content/locations/ukhrul-hypertension.md
[DRY] → /Users/apple/Downloads/nutritioncolours/src/content/locations/ukhrul-metabolic-syndrome.md
[DRY] → /Users/apple/Downloads/nutritioncolours/src/content/locations/beed-insulin-resistance.md
[DRY] → /Users/apple/Downloads/nutritioncolours/src/content/locations/beed-dyslipidemia.md
[DRY] → /Users/apple/Downloads/nutritioncolours/src/content/locations/beed-thyroid-dysregulation.md
[DRY] → /Users/apple/Downloads/nutritioncolours/src/content/locations/beed-metabolic-syndrome.md
[DRY] → /Users/apple/Downloads/nutritioncolours/src/content/locations/bhandara-insulin-resistance.md
[DRY] → /Users/apple/Downloads/nutritioncolours/src/content/locations/bhandara-pcodpcos.md
[DRY] → /Users/apple/Downloads/nutritioncolours/src/content/locations/bhandara-circadian-desynchrony.md
[DRY] → /Users/apple/Downloads/nutritioncolours/src/content/locations/bhandara-metabolic-syndrome.md
[DRY] → /Users/apple/Downloads/nutritioncolours/src/content/locations/bhusaval-pcodpcos.md
[DRY] → /Users/apple/Downloads/nutritioncolours/src/content/locations/bhusaval-thyroid-dysregulation.md
[DRY] → /Users/apple/Downloads/nutritioncolours/src/content/locations/bhusaval-circadian-desynchrony.md
[DRY] → /Users/apple/Downloads/nutritioncolours/src/content/locations/bhusaval-metabolic-syndrome.md
[DRY] → /Users/apple/Downloads/nutritioncolours/src/content/locations/borivali-obesity.md
[DRY] → /Users/apple/Downloads/nutritioncolours/src/content/locations/borivali-pcodpcos.md
[DRY] → /Users/apple/Downloads/nutritioncolours/src/content/locations/borivali-fatty-liver.md
[DRY] → /Users/apple/Downloads/nutritioncolours/src/content/locations/ambikapur-hypertension.md
[DRY] → /Users/apple/Downloads/nutritioncolours/src/content/locations/ambikapur-pcodpcos.md
[DRY] → /Users/apple/Downloads/nutritioncolours/src/content/locations/ambikapur-circadian-desynchrony.md
[DRY] → /Users/apple/Downloads/nutritioncolours/src/content/locations/ambikapur-metabolic-syndrome.md
[DRY] → /Users/apple/Downloads/nutritioncolours/src/content/locations/ampati-dyslipidemia.md
[DRY] → /Users/apple/Downloads/nutritioncolours/src/content/locations/ampati-thyroid-dysregulation.md
[DRY] → /Users/apple/Downloads/nutritioncolours/src/content/locations/ampati-circadian-desynchrony.md
[DRY] → /Users/apple/Downloads/nutritioncolours/src/content/locations/assam-rifles-dyslipidemia.md
[DRY] → /Users/apple/Downloads/nutritioncolours/src/content/locations/assam-rifles-thyroid-dysregulation.md
[DRY] → /Users/apple/Downloads/nutritioncolours/src/content/locations/bada-bazar-obesity.md
[DRY] → /Users/apple/Downloads/nutritioncolours/src/content/locations/bada-bazar-pcodpcos.md
[DRY] → /Users/apple/Downloads/nutritioncolours/src/content/locations/bada-bazar-fatty-liver.md
[DRY] → /Users/apple/Downloads/nutritioncolours/src/content/locations/bada-bazar-circadian-desynchrony.md
[DRY] → /Users/apple/Downloads/nutritioncolours/src/content/locations/bada-bazar-metabolic-syndrome.md
[DRY] → /Users/apple/Downloads/nutritioncolours/src/content/locations/bada-pani-dyslipidemia.md
[DRY] → /Users/apple/Downloads/nutritioncolours/src/content/locations/bada-pani-thyroid-dysregulation.md
[DRY] → /Users/apple/Downloads/nutritioncolours/src/content/locations/bada-pani-metabolic-syndrome.md
[DRY] → /Users/apple/Downloads/nutritioncolours/src/content/locations/baghmara-obesity.md
[DRY] → /Users/apple/Downloads/nutritioncolours/src/content/locations/baghmara-insulin-resistance.md
[DRY] → /Users/apple/Downloads/nutritioncolours/src/content/locations/baghmara-metabolic-syndrome.md
[DRY] → /Users/apple/Downloads/nutritioncolours/src/content/locations/balat-obesity.md
[DRY] → /Users/apple/Downloads/nutritioncolours/src/content/locations/balat-hypertension.md
[DRY] → /Users/apple/Downloads/nutritioncolours/src/content/locations/balat-fatty-liver.md
[DRY] → /Users/apple/Downloads/nutritioncolours/src/content/locations/barega-pada-type-2-diabetes.md
[DRY] → /Users/apple/Downloads/nutritioncolours/src/content/locations/barega-pada-insulin-resistance.md
[DRY] → /Users/apple/Downloads/nutritioncolours/src/content/locations/barega-pada-dyslipidemia.md
[DRY] → /Users/apple/Downloads/nutritioncolours/src/content/locations/barega-pada-thyroid-dysregulation.md
[DRY] → /Users/apple/Downloads/nutritioncolours/src/content/locations/barmihat-hypertension.md
[DRY] → /Users/apple/Downloads/nutritioncolours/src/content/locations/barmihat-pcodpcos.md
[DRY] → /Users/apple/Downloads/nutritioncolours/src/content/locations/barmihat-circadian-desynchrony.md
[DRY] → /Users/apple/Downloads/nutritioncolours/src/content/locations/barmihat-metabolic-syndrome.md
[DRY] → /Users/apple/Downloads/nutritioncolours/src/content/locations/bolganj-bazar-type-2-diabetes.md
[DRY] → /Users/apple/Downloads/nutritioncolours/src/content/locations/bolganj-bazar-obesity.md
[DRY] → /Users/apple/Downloads/nutritioncolours/src/content/locations/bolganj-bazar-thyroid-dysregulation.md
[DRY] → /Users/apple/Downloads/nutritioncolours/src/content/locations/chera-bazar-insulin-resistance.md
[DRY] → /Users/apple/Downloads/nutritioncolours/src/content/locations/chera-bazar-dyslipidemia.md
[DRY] → /Users/apple/Downloads/nutritioncolours/src/content/locations/chera-bazar-circadian-desynchrony.md
[DRY] → /Users/apple/Downloads/nutritioncolours/src/content/locations/cherrapunji-obesity.md
[DRY] → /Users/apple/Downloads/nutritioncolours/src/content/locations/cherrapunji-thyroid-dysregulation.md
[DRY] → /Users/apple/Downloads/nutritioncolours/src/content/locations/cherrapunji-fatty-liver.md
[DRY] → /Users/apple/Downloads/nutritioncolours/src/content/locations/dabki-insulin-resistance.md
[DRY] → /Users/apple/Downloads/nutritioncolours/src/content/locations/dabki-pcodpcos.md
[DRY] → /Users/apple/Downloads/nutritioncolours/src/content/locations/dabki-thyroid-dysregulation.md
[DRY] → /Users/apple/Downloads/nutritioncolours/src/content/locations/dobasipada-hypertension.md
[DRY] → /Users/apple/Downloads/nutritioncolours/src/content/locations/dobasipada-insulin-resistance.md
[DRY] → /Users/apple/Downloads/nutritioncolours/src/content/locations/dobasipada-circadian-desynchrony.md
[DRY] → /Users/apple/Downloads/nutritioncolours/src/content/locations/garobandha-insulin-resistance.md
[DRY] → /Users/apple/Downloads/nutritioncolours/src/content/locations/garobandha-fatty-liver.md
[DRY] → /Users/apple/Downloads/nutritioncolours/src/content/locations/happy-valley-type-2-diabetes.md
[DRY] → /Users/apple/Downloads/nutritioncolours/src/content/locations/happy-valley-obesity.md
[DRY] → /Users/apple/Downloads/nutritioncolours/src/content/locations/happy-valley-hypertension.md
[DRY] → /Users/apple/Downloads/nutritioncolours/src/content/locations/happy-valley-insulin-resistance.md
[DRY] → /Users/apple/Downloads/nutritioncolours/src/content/locations/happy-valley-metabolic-syndrome.md
[DRY] → /Users/apple/Downloads/nutritioncolours/src/content/locations/khilerihat-obesity.md
[DRY] → /Users/apple/Downloads/nutritioncolours/src/content/locations/khilerihat-thyroid-dysregulation.md
[DRY] → /Users/apple/Downloads/nutritioncolours/src/content/locations/khilerihat-fatty-liver.md
[DRY] → /Users/apple/Downloads/nutritioncolours/src/content/locations/khilerihat-metabolic-syndrome.md
[DRY] → /Users/apple/Downloads/nutritioncolours/src/content/locations/labaan-dyslipidemia.md
[DRY] → /Users/apple/Downloads/nutritioncolours/src/content/locations/labaan-thyroid-dysregulation.md
[DRY] → /Users/apple/Downloads/nutritioncolours/src/content/locations/labaan-circadian-desynchrony.md
[DRY] → /Users/apple/Downloads/nutritioncolours/src/content/locations/labarchandmari-obesity.md
[DRY] → /Users/apple/Downloads/nutritioncolours/src/content/locations/labarchandmari-hypertension.md
[DRY] → /Users/apple/Downloads/nutritioncolours/src/content/locations/labarchandmari-thyroid-dysregulation.md
[DRY] → /Users/apple/Downloads/nutritioncolours/src/content/locations/light-core-peak-dyslipidemia.md
[DRY] → /Users/apple/Downloads/nutritioncolours/src/content/locations/light-core-peak-fatty-liver.md
[DRY] → /Users/apple/Downloads/nutritioncolours/src/content/locations/light-core-peak-metabolic-syndrome.md
[DRY] → /Users/apple/Downloads/nutritioncolours/src/content/locations/lightmukhra-type-2-diabetes.md
[DRY] → /Users/apple/Downloads/nutritioncolours/src/content/locations/lightmukhra-obesity.md
[DRY] → /Users/apple/Downloads/nutritioncolours/src/content/locations/lightmukhra-hypertension.md
[DRY] → /Users/apple/Downloads/nutritioncolours/src/content/locations/lightmukhra-dyslipidemia.md
[DRY] → /Users/apple/Downloads/nutritioncolours/src/content/locations/lightmukhra-thyroid-dysregulation.md
[DRY] → /Users/apple/Downloads/nutritioncolours/src/content/locations/mandi-pathar-fatty-liver.md
[DRY] → /Users/apple/Downloads/nutritioncolours/src/content/locations/mandi-pathar-circadian-desynchrony.md
[DRY] → /Users/apple/Downloads/nutritioncolours/src/content/locations/mawphlang-hypertension.md
[DRY] → /Users/apple/Downloads/nutritioncolours/src/content/locations/mawphlang-fatty-liver.md
[DRY] → /Users/apple/Downloads/nutritioncolours/src/content/locations/mawphlang-circadian-desynchrony.md
[DRY] → /Users/apple/Downloads/nutritioncolours/src/content/locations/mosunram-type-2-diabetes.md
[DRY] → /Users/apple/Downloads/nutritioncolours/src/content/locations/mosunram-obesity.md
[DRY] → /Users/apple/Downloads/nutritioncolours/src/content/locations/mosunram-insulin-resistance.md
[DRY] → /Users/apple/Downloads/nutritioncolours/src/content/locations/mosunram-thyroid-dysregulation.md
[DRY] → /Users/apple/Downloads/nutritioncolours/src/content/locations/mowkarvat-thyroid-dysregulation.md
[DRY] → /Users/apple/Downloads/nutritioncolours/src/content/locations/mowkarvat-circadian-desynchrony.md
[DRY] → /Users/apple/Downloads/nutritioncolours/src/content/locations/mowpat-insulin-resistance.md
[DRY] → /Users/apple/Downloads/nutritioncolours/src/content/locations/mowpat-dyslipidemia.md
[DRY] → /Users/apple/Downloads/nutritioncolours/src/content/locations/mowpat-circadian-desynchrony.md
[DRY] → /Users/apple/Downloads/nutritioncolours/src/content/locations/nangalbibra-obesity.md
[DRY] → /Users/apple/Downloads/nutritioncolours/src/content/locations/nangalbibra-thyroid-dysregulation.md
[DRY] → /Users/apple/Downloads/nutritioncolours/src/content/locations/nangalbibra-metabolic-syndrome.md
[DRY] → /Users/apple/Downloads/nutritioncolours/src/content/locations/nanglayer-type-2-diabetes.md
[DRY] → /Users/apple/Downloads/nutritioncolours/src/content/locations/nanglayer-hypertension.md
[DRY] → /Users/apple/Downloads/nutritioncolours/src/content/locations/nanglayer-circadian-desynchrony.md
[DRY] → /Users/apple/Downloads/nutritioncolours/src/content/locations/nangthumai-type-2-diabetes.md
[DRY] → /Users/apple/Downloads/nutritioncolours/src/content/locations/nangthumai-pcodpcos.md
[DRY] → /Users/apple/Downloads/nutritioncolours/src/content/locations/nangthumai-metabolic-syndrome.md
[DRY] → /Users/apple/Downloads/nutritioncolours/src/content/locations/naya-bangla-obesity.md
[DRY] → /Users/apple/Downloads/nutritioncolours/src/content/locations/naya-bangla-hypertension.md
[DRY] → /Users/apple/Downloads/nutritioncolours/src/content/locations/naya-bangla-fatty-liver.md
[DRY] → /Users/apple/Downloads/nutritioncolours/src/content/locations/nongpoh-obesity.md
[DRY] → /Users/apple/Downloads/nutritioncolours/src/content/locations/nongpoh-hypertension.md
[DRY] → /Users/apple/Downloads/nutritioncolours/src/content/locations/nongpoh-dyslipidemia.md
[DRY] → /Users/apple/Downloads/nutritioncolours/src/content/locations/nongpoh-metabolic-syndrome.md
[DRY] → /Users/apple/Downloads/nutritioncolours/src/content/locations/nongstoin-insulin-resistance.md
[DRY] → /Users/apple/Downloads/nutritioncolours/src/content/locations/nongstoin-dyslipidemia.md
[DRY] → /Users/apple/Downloads/nutritioncolours/src/content/locations/nongstoin-thyroid-dysregulation.md
[DRY] → /Users/apple/Downloads/nutritioncolours/src/content/locations/penursala-obesity.md
[DRY] → /Users/apple/Downloads/nutritioncolours/src/content/locations/penursala-thyroid-dysregulation.md
[DRY] → /Users/apple/Downloads/nutritioncolours/src/content/locations/penursala-metabolic-syndrome.md
[DRY] → /Users/apple/Downloads/nutritioncolours/src/content/locations/phulbari-type-2-diabetes.md
[DRY] → /Users/apple/Downloads/nutritioncolours/src/content/locations/phulbari-insulin-resistance.md
[DRY] → /Users/apple/Downloads/nutritioncolours/src/content/locations/phulbari-pcodpcos.md
[DRY] → /Users/apple/Downloads/nutritioncolours/src/content/locations/phulbari-metabolic-syndrome.md
[DRY] → /Users/apple/Downloads/nutritioncolours/src/content/locations/phutmouri-type-2-diabetes.md
[DRY] → /Users/apple/Downloads/nutritioncolours/src/content/locations/phutmouri-pcodpcos.md
[DRY] → /Users/apple/Downloads/nutritioncolours/src/content/locations/phutmouri-fatty-liver.md
[DRY] → /Users/apple/Downloads/nutritioncolours/src/content/locations/resubelpada-type-2-diabetes.md
[DRY] → /Users/apple/Downloads/nutritioncolours/src/content/locations/resubelpada-hypertension.md
[DRY] → /Users/apple/Downloads/nutritioncolours/src/content/locations/resubelpada-insulin-resistance.md
[DRY] → /Users/apple/Downloads/nutritioncolours/src/content/locations/resubelpada-pcodpcos.md
[DRY] → /Users/apple/Downloads/nutritioncolours/src/content/locations/resubelpada-circadian-desynchrony.md
[DRY] → /Users/apple/Downloads/nutritioncolours/src/content/locations/rongjing-type-2-diabetes.md
[DRY] → /Users/apple/Downloads/nutritioncolours/src/content/locations/rongjing-dyslipidemia.md
[DRY] → /Users/apple/Downloads/nutritioncolours/src/content/locations/rongjing-fatty-liver.md
[DRY] → /Users/apple/Downloads/nutritioncolours/src/content/locations/rongjing-circadian-desynchrony.md
[DRY] → /Users/apple/Downloads/nutritioncolours/src/content/locations/rongra-obesity.md
[DRY] → /Users/apple/Downloads/nutritioncolours/src/content/locations/rongra-hypertension.md
[DRY] → /Users/apple/Downloads/nutritioncolours/src/content/locations/rongra-dyslipidemia.md
[DRY] → /Users/apple/Downloads/nutritioncolours/src/content/locations/rongra-circadian-desynchrony.md
[DRY] → /Users/apple/Downloads/nutritioncolours/src/content/locations/rongra-metabolic-syndrome.md
[DRY] → /Users/apple/Downloads/nutritioncolours/src/content/locations/shillong-gpo-type-2-diabetes.md
[DRY] → /Users/apple/Downloads/nutritioncolours/src/content/locations/shillong-gpo-insulin-resistance.md
[DRY] → /Users/apple/Downloads/nutritioncolours/src/content/locations/shillong-gpo-circadian-desynchrony.md
[DRY] → /Users/apple/Downloads/nutritioncolours/src/content/locations/sumer-type-2-diabetes.md
[DRY] → /Users/apple/Downloads/nutritioncolours/src/content/locations/sumer-insulin-resistance.md
[DRY] → /Users/apple/Downloads/nutritioncolours/src/content/locations/sumer-dyslipidemia.md
[DRY] → /Users/apple/Downloads/nutritioncolours/src/content/locations/sumer-pcodpcos.md
[DRY] → /Users/apple/Downloads/nutritioncolours/src/content/locations/umsao-type-2-diabetes.md
[DRY] → /Users/apple/Downloads/nutritioncolours/src/content/locations/umsao-dyslipidemia.md
[DRY] → /Users/apple/Downloads/nutritioncolours/src/content/locations/umsao-fatty-liver.md
[DRY] → /Users/apple/Downloads/nutritioncolours/src/content/locations/umsao-circadian-desynchrony.md
[DRY] → /Users/apple/Downloads/nutritioncolours/src/content/locations/union-christian-college-hypertension.md
[DRY] → /Users/apple/Downloads/nutritioncolours/src/content/locations/union-christian-college-insulin-resistance.md
[DRY] → /Users/apple/Downloads/nutritioncolours/src/content/locations/union-christian-college-fatty-liver.md
[DRY] → /Users/apple/Downloads/nutritioncolours/src/content/locations/upling-hypertension.md
[DRY] → /Users/apple/Downloads/nutritioncolours/src/content/locations/upling-thyroid-dysregulation.md
[DRY] → /Users/apple/Downloads/nutritioncolours/src/content/locations/upper-shillong-hypertension.md
[DRY] → /Users/apple/Downloads/nutritioncolours/src/content/locations/upper-shillong-insulin-resistance.md
[DRY] → /Users/apple/Downloads/nutritioncolours/src/content/locations/upper-shillong-metabolic-syndrome.md
[DRY] → /Users/apple/Downloads/nutritioncolours/src/content/locations/williamnagar-insulin-resistance.md
[DRY] → /Users/apple/Downloads/nutritioncolours/src/content/locations/williamnagar-dyslipidemia.md
[DRY] → /Users/apple/Downloads/nutritioncolours/src/content/locations/williamnagar-thyroid-dysregulation.md
[DRY] → /Users/apple/Downloads/nutritioncolours/src/content/locations/aibok-dyslipidemia.md
[DRY] → /Users/apple/Downloads/nutritioncolours/src/content/locations/aibok-pcodpcos.md
[DRY] → /Users/apple/Downloads/nutritioncolours/src/content/locations/aibok-thyroid-dysregulation.md
[DRY] → /Users/apple/Downloads/nutritioncolours/src/content/locations/aibok-fatty-liver.md
[DRY] → /Users/apple/Downloads/nutritioncolours/src/content/locations/aizawal-gpo-obesity.md
[DRY] → /Users/apple/Downloads/nutritioncolours/src/content/locations/aizawal-gpo-hypertension.md
[DRY] → /Users/apple/Downloads/nutritioncolours/src/content/locations/aizawal-gpo-insulin-resistance.md
[DRY] → /Users/apple/Downloads/nutritioncolours/src/content/locations/aizawal-gpo-dyslipidemia.md
[DRY] → /Users/apple/Downloads/nutritioncolours/src/content/locations/bongmun-type-2-diabetes.md
[DRY] → /Users/apple/Downloads/nutritioncolours/src/content/locations/bongmun-metabolic-syndrome.md
[DRY] → /Users/apple/Downloads/nutritioncolours/src/content/locations/champhai-hypertension.md
[DRY] → /Users/apple/Downloads/nutritioncolours/src/content/locations/champhai-dyslipidemia.md
[DRY] → /Users/apple/Downloads/nutritioncolours/src/content/locations/champhai-thyroid-dysregulation.md
[DRY] → /Users/apple/Downloads/nutritioncolours/src/content/locations/champhai-circadian-desynchrony.md
[DRY] → /Users/apple/Downloads/nutritioncolours/src/content/locations/chandmari-type-2-diabetes.md
[DRY] → /Users/apple/Downloads/nutritioncolours/src/content/locations/chandmari-obesity.md
[DRY] → /Users/apple/Downloads/nutritioncolours/src/content/locations/chandmari-hypertension.md
[DRY] → /Users/apple/Downloads/nutritioncolours/src/content/locations/chandmari-circadian-desynchrony.md
[DRY] → /Users/apple/Downloads/nutritioncolours/src/content/locations/chongtai-insulin-resistance.md
[DRY] → /Users/apple/Downloads/nutritioncolours/src/content/locations/chongtai-dyslipidemia.md
[DRY] → /Users/apple/Downloads/nutritioncolours/src/content/locations/chongtai-thyroid-dysregulation.md
[DRY] → /Users/apple/Downloads/nutritioncolours/src/content/locations/darlawn-type-2-diabetes.md
[DRY] → /Users/apple/Downloads/nutritioncolours/src/content/locations/darlawn-dyslipidemia.md
[DRY] → /Users/apple/Downloads/nutritioncolours/src/content/locations/darlawn-thyroid-dysregulation.md
[DRY] → /Users/apple/Downloads/nutritioncolours/src/content/locations/darlawn-fatty-liver.md
[DRY] → /Users/apple/Downloads/nutritioncolours/src/content/locations/demgiri-type-2-diabetes.md
[DRY] → /Users/apple/Downloads/nutritioncolours/src/content/locations/demgiri-hypertension.md
[DRY] → /Users/apple/Downloads/nutritioncolours/src/content/locations/demgiri-fatty-liver.md
[DRY] → /Users/apple/Downloads/nutritioncolours/src/content/locations/khojovai-pcodpcos.md
[DRY] → /Users/apple/Downloads/nutritioncolours/src/content/locations/khojovai-fatty-liver.md
[DRY] → /Users/apple/Downloads/nutritioncolours/src/content/locations/khojovai-circadian-desynchrony.md
[DRY] → /Users/apple/Downloads/nutritioncolours/src/content/locations/khojovai-metabolic-syndrome.md
[DRY] → /Users/apple/Downloads/nutritioncolours/src/content/locations/kolosib-hypertension.md
[DRY] → /Users/apple/Downloads/nutritioncolours/src/content/locations/kowpoi-obesity.md
[DRY] → /Users/apple/Downloads/nutritioncolours/src/content/locations/kowpoi-hypertension.md
[DRY] → /Users/apple/Downloads/nutritioncolours/src/content/locations/kowpoi-thyroid-dysregulation.md
[DRY] → /Users/apple/Downloads/nutritioncolours/src/content/locations/kowpoi-metabolic-syndrome.md
[DRY] → /Users/apple/Downloads/nutritioncolours/src/content/locations/kulokon-dyslipidemia.md
[DRY] → /Users/apple/Downloads/nutritioncolours/src/content/locations/kulokon-thyroid-dysregulation.md
[DRY] → /Users/apple/Downloads/nutritioncolours/src/content/locations/kulokon-fatty-liver.md
[DRY] → /Users/apple/Downloads/nutritioncolours/src/content/locations/lakhibera-obesity.md
[DRY] → /Users/apple/Downloads/nutritioncolours/src/content/locations/lakhibera-insulin-resistance.md
[DRY] → /Users/apple/Downloads/nutritioncolours/src/content/locations/lakhibera-dyslipidemia.md
[DRY] → /Users/apple/Downloads/nutritioncolours/src/content/locations/lakhibera-pcodpcos.md
[DRY] → /Users/apple/Downloads/nutritioncolours/src/content/locations/longlai-obesity.md
[DRY] → /Users/apple/Downloads/nutritioncolours/src/content/locations/longlai-dyslipidemia.md
[DRY] → /Users/apple/Downloads/nutritioncolours/src/content/locations/longlai-pcodpcos.md
[DRY] → /Users/apple/Downloads/nutritioncolours/src/content/locations/longlai-fatty-liver.md
[DRY] → /Users/apple/Downloads/nutritioncolours/src/content/locations/longlai-metabolic-syndrome.md
[DRY] → /Users/apple/Downloads/nutritioncolours/src/content/locations/lungdar-insulin-resistance.md
[DRY] → /Users/apple/Downloads/nutritioncolours/src/content/locations/lungdar-dyslipidemia.md
[DRY] → /Users/apple/Downloads/nutritioncolours/src/content/locations/lungdar-pcodpcos.md
[DRY] → /Users/apple/Downloads/nutritioncolours/src/content/locations/lungdar-metabolic-syndrome.md
[DRY] → /Users/apple/Downloads/nutritioncolours/src/content/locations/lunglei-pcodpcos.md
[DRY] → /Users/apple/Downloads/nutritioncolours/src/content/locations/lunglei-circadian-desynchrony.md
[DRY] → /Users/apple/Downloads/nutritioncolours/src/content/locations/lunglei-metabolic-syndrome.md
[DRY] → /Users/apple/Downloads/nutritioncolours/src/content/locations/lungsein-type-2-diabetes.md
[DRY] → /Users/apple/Downloads/nutritioncolours/src/content/locations/lungsein-metabolic-syndrome.md
[DRY] → /Users/apple/Downloads/nutritioncolours/src/content/locations/mamit-dyslipidemia.md
[DRY] → /Users/apple/Downloads/nutritioncolours/src/content/locations/mamit-pcodpcos.md
[DRY] → /Users/apple/Downloads/nutritioncolours/src/content/locations/mamit-circadian-desynchrony.md
[DRY] → /Users/apple/Downloads/nutritioncolours/src/content/locations/phalaing-obesity.md
[DRY] → /Users/apple/Downloads/nutritioncolours/src/content/locations/phalaing-hypertension.md
[DRY] → /Users/apple/Downloads/nutritioncolours/src/content/locations/phalaing-dyslipidemia.md
[DRY] → /Users/apple/Downloads/nutritioncolours/src/content/locations/phalaing-circadian-desynchrony.md
[DRY] → /Users/apple/Downloads/nutritioncolours/src/content/locations/ramlun-obesity.md
[DRY] → /Users/apple/Downloads/nutritioncolours/src/content/locations/ramlun-insulin-resistance.md
[DRY] → /Users/apple/Downloads/nutritioncolours/src/content/locations/ramlun-dyslipidemia.md
[DRY] → /Users/apple/Downloads/nutritioncolours/src/content/locations/ramlun-thyroid-dysregulation.md
[DRY] → /Users/apple/Downloads/nutritioncolours/src/content/locations/rayak-type-2-diabetes.md
[DRY] → /Users/apple/Downloads/nutritioncolours/src/content/locations/rayak-insulin-resistance.md
[DRY] → /Users/apple/Downloads/nutritioncolours/src/content/locations/rayak-circadian-desynchrony.md
[DRY] → /Users/apple/Downloads/nutritioncolours/src/content/locations/saiha-hypertension.md
[DRY] → /Users/apple/Downloads/nutritioncolours/src/content/locations/saiha-insulin-resistance.md
[DRY] → /Users/apple/Downloads/nutritioncolours/src/content/locations/saiha-metabolic-syndrome.md
[DRY] → /Users/apple/Downloads/nutritioncolours/src/content/locations/sairang-hypertension.md
[DRY] → /Users/apple/Downloads/nutritioncolours/src/content/locations/sairang-insulin-resistance.md
[DRY] → /Users/apple/Downloads/nutritioncolours/src/content/locations/sairang-fatty-liver.md
[DRY] → /Users/apple/Downloads/nutritioncolours/src/content/locations/saitul-pcodpcos.md
[DRY] → /Users/apple/Downloads/nutritioncolours/src/content/locations/saitul-thyroid-dysregulation.md
[DRY] → /Users/apple/Downloads/nutritioncolours/src/content/locations/saitul-circadian-desynchrony.md
[DRY] → /Users/apple/Downloads/nutritioncolours/src/content/locations/saitul-metabolic-syndrome.md
[DRY] → /Users/apple/Downloads/nutritioncolours/src/content/locations/sango-type-2-diabetes.md
[DRY] → /Users/apple/Downloads/nutritioncolours/src/content/locations/sango-fatty-liver.md
[DRY] → /Users/apple/Downloads/nutritioncolours/src/content/locations/sango-circadian-desynchrony.md
[DRY] → /Users/apple/Downloads/nutritioncolours/src/content/locations/serchhip-thyroid-dysregulation.md
[DRY] → /Users/apple/Downloads/nutritioncolours/src/content/locations/serchhip-circadian-desynchrony.md
[DRY] → /Users/apple/Downloads/nutritioncolours/src/content/locations/serchhip-metabolic-syndrome.md
[DRY] → /Users/apple/Downloads/nutritioncolours/src/content/locations/thingdol-obesity.md
[DRY] → /Users/apple/Downloads/nutritioncolours/src/content/locations/thingdol-dyslipidemia.md
[DRY] → /Users/apple/Downloads/nutritioncolours/src/content/locations/thingdol-thyroid-dysregulation.md
[DRY] → /Users/apple/Downloads/nutritioncolours/src/content/locations/thingdol-metabolic-syndrome.md
[DRY] → /Users/apple/Downloads/nutritioncolours/src/content/locations/thinghai-insulin-resistance.md
[DRY] → /Users/apple/Downloads/nutritioncolours/src/content/locations/thinghai-fatty-liver.md
[DRY] → /Users/apple/Downloads/nutritioncolours/src/content/locations/thinghai-metabolic-syndrome.md
[DRY] → /Users/apple/Downloads/nutritioncolours/src/content/locations/thingshul-theleha-hypertension.md
[DRY] → /Users/apple/Downloads/nutritioncolours/src/content/locations/thingshul-theleha-insulin-resistance.md
[DRY] → /Users/apple/Downloads/nutritioncolours/src/content/locations/tuipang-type-2-diabetes.md
[DRY] → /Users/apple/Downloads/nutritioncolours/src/content/locations/tuipang-hypertension.md
[DRY] → /Users/apple/Downloads/nutritioncolours/src/content/locations/tuipang-thyroid-dysregulation.md
[DRY] → /Users/apple/Downloads/nutritioncolours/src/content/locations/tuipang-fatty-liver.md
[DRY] → /Users/apple/Downloads/nutritioncolours/src/content/locations/tuipang-metabolic-syndrome.md
[DRY] → /Users/apple/Downloads/nutritioncolours/src/content/locations/vairangte-obesity.md
[DRY] → /Users/apple/Downloads/nutritioncolours/src/content/locations/vairangte-dyslipidemia.md
[DRY] → /Users/apple/Downloads/nutritioncolours/src/content/locations/vairangte-pcodpcos.md
[DRY] → /Users/apple/Downloads/nutritioncolours/src/content/locations/vairangte-metabolic-syndrome.md
[DRY] → /Users/apple/Downloads/nutritioncolours/src/content/locations/vaivakown-obesity.md
[DRY] → /Users/apple/Downloads/nutritioncolours/src/content/locations/vaivakown-hypertension.md
[DRY] → /Users/apple/Downloads/nutritioncolours/src/content/locations/vaivakown-dyslipidemia.md
[DRY] → /Users/apple/Downloads/nutritioncolours/src/content/locations/vaivakown-thyroid-dysregulation.md
[DRY] → /Users/apple/Downloads/nutritioncolours/src/content/locations/artc-obesity.md
[DRY] → /Users/apple/Downloads/nutritioncolours/src/content/locations/artc-circadian-desynchrony.md
[DRY] → /Users/apple/Downloads/nutritioncolours/src/content/locations/artc-metabolic-syndrome.md
[DRY] → /Users/apple/Downloads/nutritioncolours/src/content/locations/akulto-type-2-diabetes.md
[DRY] → /Users/apple/Downloads/nutritioncolours/src/content/locations/akulto-hypertension.md
[DRY] → /Users/apple/Downloads/nutritioncolours/src/content/locations/akulto-insulin-resistance.md
[DRY] → /Users/apple/Downloads/nutritioncolours/src/content/locations/akulto-circadian-desynchrony.md
[DRY] → /Users/apple/Downloads/nutritioncolours/src/content/locations/borholla-insulin-resistance.md
[DRY] → /Users/apple/Downloads/nutritioncolours/src/content/locations/borholla-fatty-liver.md
[DRY] → /Users/apple/Downloads/nutritioncolours/src/content/locations/chaichima-type-2-diabetes.md
[DRY] → /Users/apple/Downloads/nutritioncolours/src/content/locations/chaichima-obesity.md
[DRY] → /Users/apple/Downloads/nutritioncolours/src/content/locations/chaichima-dyslipidemia.md
[DRY] → /Users/apple/Downloads/nutritioncolours/src/content/locations/chaichima-thyroid-dysregulation.md
[DRY] → /Users/apple/Downloads/nutritioncolours/src/content/locations/champang-type-2-diabetes.md
[DRY] → /Users/apple/Downloads/nutritioncolours/src/content/locations/champang-obesity.md
[DRY] → /Users/apple/Downloads/nutritioncolours/src/content/locations/champang-circadian-desynchrony.md
[DRY] → /Users/apple/Downloads/nutritioncolours/src/content/locations/champang-metabolic-syndrome.md
[DRY] → /Users/apple/Downloads/nutritioncolours/src/content/locations/chijami-type-2-diabetes.md
[DRY] → /Users/apple/Downloads/nutritioncolours/src/content/locations/chijami-obesity.md
[DRY] → /Users/apple/Downloads/nutritioncolours/src/content/locations/chijami-thyroid-dysregulation.md
[DRY] → /Users/apple/Downloads/nutritioncolours/src/content/locations/chijami-metabolic-syndrome.md
[DRY] → /Users/apple/Downloads/nutritioncolours/src/content/locations/chochuba-hypertension.md
[DRY] → /Users/apple/Downloads/nutritioncolours/src/content/locations/chochuba-thyroid-dysregulation.md
[DRY] → /Users/apple/Downloads/nutritioncolours/src/content/locations/chochuba-fatty-liver.md
[DRY] → /Users/apple/Downloads/nutritioncolours/src/content/locations/chochuba-circadian-desynchrony.md
[DRY] → /Users/apple/Downloads/nutritioncolours/src/content/locations/chuchaimalang-type-2-diabetes.md
[DRY] → /Users/apple/Downloads/nutritioncolours/src/content/locations/chuchaimalang-pcodpcos.md
[DRY] → /Users/apple/Downloads/nutritioncolours/src/content/locations/chuchaimalang-fatty-liver.md
[DRY] → /Users/apple/Downloads/nutritioncolours/src/content/locations/chumukidima-type-2-diabetes.md
[DRY] → /Users/apple/Downloads/nutritioncolours/src/content/locations/chumukidima-obesity.md
[DRY] → /Users/apple/Downloads/nutritioncolours/src/content/locations/chumukidima-pcodpcos.md
[DRY] → /Users/apple/Downloads/nutritioncolours/src/content/locations/chumukidima-thyroid-dysregulation.md
[DRY] → /Users/apple/Downloads/nutritioncolours/src/content/locations/chumukidima-circadian-desynchrony.md
[DRY] → /Users/apple/Downloads/nutritioncolours/src/content/locations/dimapur-type-2-diabetes.md
[DRY] → /Users/apple/Downloads/nutritioncolours/src/content/locations/dimapur-insulin-resistance.md
[DRY] → /Users/apple/Downloads/nutritioncolours/src/content/locations/dimapur-pcodpcos.md
[DRY] → /Users/apple/Downloads/nutritioncolours/src/content/locations/dimapur-circadian-desynchrony.md
[DRY] → /Users/apple/Downloads/nutritioncolours/src/content/locations/impur-obesity.md
[DRY] → /Users/apple/Downloads/nutritioncolours/src/content/locations/impur-pcodpcos.md
[DRY] → /Users/apple/Downloads/nutritioncolours/src/content/locations/impur-thyroid-dysregulation.md
[DRY] → /Users/apple/Downloads/nutritioncolours/src/content/locations/kiphir-insulin-resistance.md
[DRY] → /Users/apple/Downloads/nutritioncolours/src/content/locations/kiphir-pcodpcos.md
[DRY] → /Users/apple/Downloads/nutritioncolours/src/content/locations/kiphir-thyroid-dysregulation.md
[DRY] → /Users/apple/Downloads/nutritioncolours/src/content/locations/kohima-gpo-type-2-diabetes.md
[DRY] → /Users/apple/Downloads/nutritioncolours/src/content/locations/kohima-gpo-circadian-desynchrony.md
[DRY] → /Users/apple/Downloads/nutritioncolours/src/content/locations/kohima-gpo-metabolic-syndrome.md
[DRY] → /Users/apple/Downloads/nutritioncolours/src/content/locations/maidjiphema-type-2-diabetes.md
[DRY] → /Users/apple/Downloads/nutritioncolours/src/content/locations/maidjiphema-obesity.md
[DRY] → /Users/apple/Downloads/nutritioncolours/src/content/locations/maidjiphema-insulin-resistance.md
[DRY] → /Users/apple/Downloads/nutritioncolours/src/content/locations/maidjiphema-dyslipidemia.md
[DRY] → /Users/apple/Downloads/nutritioncolours/src/content/locations/maidjiphema-metabolic-syndrome.md
[DRY] → /Users/apple/Downloads/nutritioncolours/src/content/locations/mailuri-hypertension.md
[DRY] → /Users/apple/Downloads/nutritioncolours/src/content/locations/mailuri-dyslipidemia.md
[DRY] → /Users/apple/Downloads/nutritioncolours/src/content/locations/mailuri-thyroid-dysregulation.md
[DRY] → /Users/apple/Downloads/nutritioncolours/src/content/locations/mailuri-circadian-desynchrony.md
[DRY] → /Users/apple/Downloads/nutritioncolours/src/content/locations/mailuri-metabolic-syndrome.md
[DRY] → /Users/apple/Downloads/nutritioncolours/src/content/locations/mokokchung-hypertension.md
[DRY] → /Users/apple/Downloads/nutritioncolours/src/content/locations/mokokchung-fatty-liver.md
[DRY] → /Users/apple/Downloads/nutritioncolours/src/content/locations/mon-type-2-diabetes.md
[DRY] → /Users/apple/Downloads/nutritioncolours/src/content/locations/mon-dyslipidemia.md
[DRY] → /Users/apple/Downloads/nutritioncolours/src/content/locations/mon-thyroid-dysregulation.md
[DRY] → /Users/apple/Downloads/nutritioncolours/src/content/locations/mon-fatty-liver.md
[DRY] → /Users/apple/Downloads/nutritioncolours/src/content/locations/monkolemba-type-2-diabetes.md
[DRY] → /Users/apple/Downloads/nutritioncolours/src/content/locations/monkolemba-obesity.md
[DRY] → /Users/apple/Downloads/nutritioncolours/src/content/locations/monkolemba-insulin-resistance.md
[DRY] → /Users/apple/Downloads/nutritioncolours/src/content/locations/monkolemba-metabolic-syndrome.md
[DRY] → /Users/apple/Downloads/nutritioncolours/src/content/locations/naginimira-type-2-diabetes.md
[DRY] → /Users/apple/Downloads/nutritioncolours/src/content/locations/naginimira-insulin-resistance.md
[DRY] → /Users/apple/Downloads/nutritioncolours/src/content/locations/naginimira-dyslipidemia.md
[DRY] → /Users/apple/Downloads/nutritioncolours/src/content/locations/naginimira-thyroid-dysregulation.md
[DRY] → /Users/apple/Downloads/nutritioncolours/src/content/locations/peren-type-2-diabetes.md
[DRY] → /Users/apple/Downloads/nutritioncolours/src/content/locations/peren-thyroid-dysregulation.md
[DRY] → /Users/apple/Downloads/nutritioncolours/src/content/locations/peren-circadian-desynchrony.md
[DRY] → /Users/apple/Downloads/nutritioncolours/src/content/locations/phenk-dyslipidemia.md
[DRY] → /Users/apple/Downloads/nutritioncolours/src/content/locations/phenk-circadian-desynchrony.md
[DRY] → /Users/apple/Downloads/nutritioncolours/src/content/locations/pupterow-type-2-diabetes.md
[DRY] → /Users/apple/Downloads/nutritioncolours/src/content/locations/pupterow-insulin-resistance.md
[DRY] → /Users/apple/Downloads/nutritioncolours/src/content/locations/pupterow-thyroid-dysregulation.md
[DRY] → /Users/apple/Downloads/nutritioncolours/src/content/locations/wokha-obesity.md
[DRY] → /Users/apple/Downloads/nutritioncolours/src/content/locations/wokha-metabolic-syndrome.md
[DRY] → /Users/apple/Downloads/nutritioncolours/src/content/locations/yonghong-circadian-desynchrony.md
[DRY] → /Users/apple/Downloads/nutritioncolours/src/content/locations/yonghong-metabolic-syndrome.md
[DRY] → /Users/apple/Downloads/nutritioncolours/src/content/locations/zunhebato-type-2-diabetes.md
[DRY] → /Users/apple/Downloads/nutritioncolours/src/content/locations/zunhebato-hypertension.md
[DRY] → /Users/apple/Downloads/nutritioncolours/src/content/locations/zunhebato-insulin-resistance.md
[DRY] → /Users/apple/Downloads/nutritioncolours/src/content/locations/zunhebato-dyslipidemia.md
[DRY] → /Users/apple/Downloads/nutritioncolours/src/content/locations/zunhebato-metabolic-syndrome.md
[DRY] → /Users/apple/Downloads/nutritioncolours/src/content/locations/angul-type-2-diabetes.md
[DRY] → /Users/apple/Downloads/nutritioncolours/src/content/locations/angul-insulin-resistance.md
[DRY] → /Users/apple/Downloads/nutritioncolours/src/content/locations/angul-fatty-liver.md
[DRY] → /Users/apple/Downloads/nutritioncolours/src/content/locations/angul-metabolic-syndrome.md
[DRY] → /Users/apple/Downloads/nutritioncolours/src/content/locations/aska-obesity.md
[DRY] → /Users/apple/Downloads/nutritioncolours/src/content/locations/aska-insulin-resistance.md
[DRY] → /Users/apple/Downloads/nutritioncolours/src/content/locations/aska-dyslipidemia.md
[DRY] → /Users/apple/Downloads/nutritioncolours/src/content/locations/aska-fatty-liver.md
[DRY] → /Users/apple/Downloads/nutritioncolours/src/content/locations/athgarh-type-2-diabetes.md
[DRY] → /Users/apple/Downloads/nutritioncolours/src/content/locations/athgarh-thyroid-dysregulation.md
[DRY] → /Users/apple/Downloads/nutritioncolours/src/content/locations/athgarh-fatty-liver.md
[DRY] → /Users/apple/Downloads/nutritioncolours/src/content/locations/balangir-obesity.md
[DRY] → /Users/apple/Downloads/nutritioncolours/src/content/locations/balangir-dyslipidemia.md
[DRY] → /Users/apple/Downloads/nutritioncolours/src/content/locations/balangir-circadian-desynchrony.md
[DRY] → /Users/apple/Downloads/nutritioncolours/src/content/locations/balangir-metabolic-syndrome.md
[DRY] → /Users/apple/Downloads/nutritioncolours/src/content/locations/baleshwar-type-2-diabetes.md
[DRY] → /Users/apple/Downloads/nutritioncolours/src/content/locations/baleshwar-dyslipidemia.md
[DRY] → /Users/apple/Downloads/nutritioncolours/src/content/locations/baleshwar-pcodpcos.md
[DRY] → /Users/apple/Downloads/nutritioncolours/src/content/locations/baleshwar-thyroid-dysregulation.md
[DRY] → /Users/apple/Downloads/nutritioncolours/src/content/locations/baleshwar-circadian-desynchrony.md
[DRY] → /Users/apple/Downloads/nutritioncolours/src/content/locations/bargarh-hypertension.md
[DRY] → /Users/apple/Downloads/nutritioncolours/src/content/locations/bargarh-pcodpcos.md
[DRY] → /Users/apple/Downloads/nutritioncolours/src/content/locations/bargarh-metabolic-syndrome.md
[DRY] → /Users/apple/Downloads/nutritioncolours/src/content/locations/baripada-obesity.md
[DRY] → /Users/apple/Downloads/nutritioncolours/src/content/locations/baripada-hypertension.md
[DRY] → /Users/apple/Downloads/nutritioncolours/src/content/locations/baripada-metabolic-syndrome.md
[DRY] → /Users/apple/Downloads/nutritioncolours/src/content/locations/berhampur-hypertension.md
[DRY] → /Users/apple/Downloads/nutritioncolours/src/content/locations/berhampur-dyslipidemia.md
[DRY] → /Users/apple/Downloads/nutritioncolours/src/content/locations/berhampur-fatty-liver.md
[DRY] → /Users/apple/Downloads/nutritioncolours/src/content/locations/berhampur-circadian-desynchrony.md
[DRY] → /Users/apple/Downloads/nutritioncolours/src/content/locations/bhadrak-type-2-diabetes.md
[DRY] → /Users/apple/Downloads/nutritioncolours/src/content/locations/bhadrak-dyslipidemia.md
[DRY] → /Users/apple/Downloads/nutritioncolours/src/content/locations/bhadrak-pcodpcos.md
[DRY] → /Users/apple/Downloads/nutritioncolours/src/content/locations/bhanjanagar-type-2-diabetes.md
[DRY] → /Users/apple/Downloads/nutritioncolours/src/content/locations/bhanjanagar-obesity.md
[DRY] → /Users/apple/Downloads/nutritioncolours/src/content/locations/bhanjanagar-insulin-resistance.md
[DRY] → /Users/apple/Downloads/nutritioncolours/src/content/locations/bhanjanagar-thyroid-dysregulation.md
[DRY] → /Users/apple/Downloads/nutritioncolours/src/content/locations/bhawani-patana-hypertension.md
[DRY] → /Users/apple/Downloads/nutritioncolours/src/content/locations/bhawani-patana-dyslipidemia.md
[DRY] → /Users/apple/Downloads/nutritioncolours/src/content/locations/bhawani-patana-thyroid-dysregulation.md
[DRY] → /Users/apple/Downloads/nutritioncolours/src/content/locations/bhawani-patana-fatty-liver.md
[DRY] → /Users/apple/Downloads/nutritioncolours/src/content/locations/bhubaneswar-gpo-type-2-diabetes.md
[DRY] → /Users/apple/Downloads/nutritioncolours/src/content/locations/bhubaneswar-gpo-dyslipidemia.md
[DRY] → /Users/apple/Downloads/nutritioncolours/src/content/locations/bhubaneswar-gpo-pcodpcos.md
[DRY] → /Users/apple/Downloads/nutritioncolours/src/content/locations/bhubaneswar-gpo-thyroid-dysregulation.md
[DRY] → /Users/apple/Downloads/nutritioncolours/src/content/locations/chandnichowk-obesity.md
[DRY] → /Users/apple/Downloads/nutritioncolours/src/content/locations/chandnichowk-dyslipidemia.md
[DRY] → /Users/apple/Downloads/nutritioncolours/src/content/locations/chandnichowk-pcodpcos.md
[DRY] → /Users/apple/Downloads/nutritioncolours/src/content/locations/chandnichowk-circadian-desynchrony.md
[DRY] → /Users/apple/Downloads/nutritioncolours/src/content/locations/chatrapur-type-2-diabetes.md
[DRY] → /Users/apple/Downloads/nutritioncolours/src/content/locations/chatrapur-thyroid-dysregulation.md
[DRY] → /Users/apple/Downloads/nutritioncolours/src/content/locations/cuttack-type-2-diabetes.md
[DRY] → /Users/apple/Downloads/nutritioncolours/src/content/locations/cuttack-hypertension.md
[DRY] → /Users/apple/Downloads/nutritioncolours/src/content/locations/cuttack-insulin-resistance.md
[DRY] → /Users/apple/Downloads/nutritioncolours/src/content/locations/cuttack-dyslipidemia.md
[DRY] → /Users/apple/Downloads/nutritioncolours/src/content/locations/dhenkanal-type-2-diabetes.md
[DRY] → /Users/apple/Downloads/nutritioncolours/src/content/locations/dhenkanal-obesity.md
[DRY] → /Users/apple/Downloads/nutritioncolours/src/content/locations/dhenkanal-fatty-liver.md
[DRY] → /Users/apple/Downloads/nutritioncolours/src/content/locations/dhenkanal-circadian-desynchrony.md
[DRY] → /Users/apple/Downloads/nutritioncolours/src/content/locations/kenndrapara-insulin-resistance.md
[DRY] → /Users/apple/Downloads/nutritioncolours/src/content/locations/kenndrapara-dyslipidemia.md
[DRY] → /Users/apple/Downloads/nutritioncolours/src/content/locations/kenndrapara-fatty-liver.md
[DRY] → /Users/apple/Downloads/nutritioncolours/src/content/locations/keonjargarh-obesity.md
[DRY] → /Users/apple/Downloads/nutritioncolours/src/content/locations/keonjargarh-hypertension.md
[DRY] → /Users/apple/Downloads/nutritioncolours/src/content/locations/keonjargarh-pcodpcos.md
[DRY] → /Users/apple/Downloads/nutritioncolours/src/content/locations/keonjargarh-fatty-liver.md
[DRY] → /Users/apple/Downloads/nutritioncolours/src/content/locations/khurda-type-2-diabetes.md
[DRY] → /Users/apple/Downloads/nutritioncolours/src/content/locations/khurda-obesity.md
[DRY] → /Users/apple/Downloads/nutritioncolours/src/content/locations/khurda-hypertension.md
[DRY] → /Users/apple/Downloads/nutritioncolours/src/content/locations/khurda-thyroid-dysregulation.md
[DRY] → /Users/apple/Downloads/nutritioncolours/src/content/locations/koraput-obesity.md
[DRY] → /Users/apple/Downloads/nutritioncolours/src/content/locations/koraput-insulin-resistance.md
[DRY] → /Users/apple/Downloads/nutritioncolours/src/content/locations/koraput-pcodpcos.md
[DRY] → /Users/apple/Downloads/nutritioncolours/src/content/locations/koraput-circadian-desynchrony.md
[DRY] → /Users/apple/Downloads/nutritioncolours/src/content/locations/nayagarh-type-2-diabetes.md
[DRY] → /Users/apple/Downloads/nutritioncolours/src/content/locations/nayagarh-fatty-liver.md
[DRY] → /Users/apple/Downloads/nutritioncolours/src/content/locations/nayagarh-metabolic-syndrome.md
[DRY] → /Users/apple/Downloads/nutritioncolours/src/content/locations/parlakhemudi-insulin-resistance.md
[DRY] → /Users/apple/Downloads/nutritioncolours/src/content/locations/parlakhemudi-dyslipidemia.md
[DRY] → /Users/apple/Downloads/nutritioncolours/src/content/locations/parlakhemudi-pcodpcos.md
[DRY] → /Users/apple/Downloads/nutritioncolours/src/content/locations/parlakhemudi-circadian-desynchrony.md
[DRY] → /Users/apple/Downloads/nutritioncolours/src/content/locations/phulbani-type-2-diabetes.md
[DRY] → /Users/apple/Downloads/nutritioncolours/src/content/locations/phulbani-hypertension.md
[DRY] → /Users/apple/Downloads/nutritioncolours/src/content/locations/phulbani-thyroid-dysregulation.md
[DRY] → /Users/apple/Downloads/nutritioncolours/src/content/locations/phulbani-fatty-liver.md
[DRY] → /Users/apple/Downloads/nutritioncolours/src/content/locations/puri-type-2-diabetes.md
[DRY] → /Users/apple/Downloads/nutritioncolours/src/content/locations/puri-insulin-resistance.md
[DRY] → /Users/apple/Downloads/nutritioncolours/src/content/locations/puri-pcodpcos.md
[DRY] → /Users/apple/Downloads/nutritioncolours/src/content/locations/puri-thyroid-dysregulation.md
[DRY] → /Users/apple/Downloads/nutritioncolours/src/content/locations/puri-metabolic-syndrome.md
[DRY] → /Users/apple/Downloads/nutritioncolours/src/content/locations/rairangpur-obesity.md
[DRY] → /Users/apple/Downloads/nutritioncolours/src/content/locations/rairangpur-insulin-resistance.md
[DRY] → /Users/apple/Downloads/nutritioncolours/src/content/locations/rairangpur-thyroid-dysregulation.md
[DRY] → /Users/apple/Downloads/nutritioncolours/src/content/locations/rayagada-type-2-diabetes.md
[DRY] → /Users/apple/Downloads/nutritioncolours/src/content/locations/rayagada-hypertension.md
[DRY] → /Users/apple/Downloads/nutritioncolours/src/content/locations/rayagada-thyroid-dysregulation.md
[DRY] → /Users/apple/Downloads/nutritioncolours/src/content/locations/rayagada-circadian-desynchrony.md
[DRY] → /Users/apple/Downloads/nutritioncolours/src/content/locations/rourkela-type-2-diabetes.md
[DRY] → /Users/apple/Downloads/nutritioncolours/src/content/locations/rourkela-obesity.md
[DRY] → /Users/apple/Downloads/nutritioncolours/src/content/locations/rourkela-thyroid-dysregulation.md
[DRY] → /Users/apple/Downloads/nutritioncolours/src/content/locations/rourkela-circadian-desynchrony.md
[DRY] → /Users/apple/Downloads/nutritioncolours/src/content/locations/sambalpur-hypertension.md
[DRY] → /Users/apple/Downloads/nutritioncolours/src/content/locations/sambalpur-dyslipidemia.md
[DRY] → /Users/apple/Downloads/nutritioncolours/src/content/locations/sambalpur-thyroid-dysregulation.md
[DRY] → /Users/apple/Downloads/nutritioncolours/src/content/locations/sundargargh-insulin-resistance.md
[DRY] → /Users/apple/Downloads/nutritioncolours/src/content/locations/sundargargh-dyslipidemia.md
[DRY] → /Users/apple/Downloads/nutritioncolours/src/content/locations/amritsar-obesity.md
[DRY] → /Users/apple/Downloads/nutritioncolours/src/content/locations/amritsar-dyslipidemia.md
[DRY] → /Users/apple/Downloads/nutritioncolours/src/content/locations/amritsar-circadian-desynchrony.md
[DRY] → /Users/apple/Downloads/nutritioncolours/src/content/locations/amritsar-metabolic-syndrome.md
[DRY] → /Users/apple/Downloads/nutritioncolours/src/content/locations/bathala-type-2-diabetes.md
[DRY] → /Users/apple/Downloads/nutritioncolours/src/content/locations/bathala-hypertension.md
[DRY] → /Users/apple/Downloads/nutritioncolours/src/content/locations/bathala-insulin-resistance.md
[DRY] → /Users/apple/Downloads/nutritioncolours/src/content/locations/bathala-pcodpcos.md
[DRY] → /Users/apple/Downloads/nutritioncolours/src/content/locations/bathala-metabolic-syndrome.md
[DRY] → /Users/apple/Downloads/nutritioncolours/src/content/locations/bathinda-dyslipidemia.md
[DRY] → /Users/apple/Downloads/nutritioncolours/src/content/locations/bathinda-pcodpcos.md
[DRY] → /Users/apple/Downloads/nutritioncolours/src/content/locations/bathinda-thyroid-dysregulation.md
[DRY] → /Users/apple/Downloads/nutritioncolours/src/content/locations/bathinda-circadian-desynchrony.md
[DRY] → /Users/apple/Downloads/nutritioncolours/src/content/locations/chandigarh-dyslipidemia.md
[DRY] → /Users/apple/Downloads/nutritioncolours/src/content/locations/chandigarh-circadian-desynchrony.md
[DRY] → /Users/apple/Downloads/nutritioncolours/src/content/locations/dasuya-obesity.md
[DRY] → /Users/apple/Downloads/nutritioncolours/src/content/locations/dasuya-hypertension.md
[DRY] → /Users/apple/Downloads/nutritioncolours/src/content/locations/dasuya-dyslipidemia.md
[DRY] → /Users/apple/Downloads/nutritioncolours/src/content/locations/dasuya-pcodpcos.md
[DRY] → /Users/apple/Downloads/nutritioncolours/src/content/locations/faridkot-obesity.md
[DRY] → /Users/apple/Downloads/nutritioncolours/src/content/locations/faridkot-dyslipidemia.md
[DRY] → /Users/apple/Downloads/nutritioncolours/src/content/locations/faridkot-pcodpcos.md
[DRY] → /Users/apple/Downloads/nutritioncolours/src/content/locations/faridkot-thyroid-dysregulation.md
[DRY] → /Users/apple/Downloads/nutritioncolours/src/content/locations/ferozepur-pcodpcos.md
[DRY] → /Users/apple/Downloads/nutritioncolours/src/content/locations/ferozepur-circadian-desynchrony.md
[DRY] → /Users/apple/Downloads/nutritioncolours/src/content/locations/gurdaspur-obesity.md
[DRY] → /Users/apple/Downloads/nutritioncolours/src/content/locations/gurdaspur-thyroid-dysregulation.md
[DRY] → /Users/apple/Downloads/nutritioncolours/src/content/locations/gurdaspur-fatty-liver.md
[DRY] → /Users/apple/Downloads/nutritioncolours/src/content/locations/hoshiarpur-obesity.md
[DRY] → /Users/apple/Downloads/nutritioncolours/src/content/locations/hoshiarpur-fatty-liver.md
[DRY] → /Users/apple/Downloads/nutritioncolours/src/content/locations/kapurthala-type-2-diabetes.md
[DRY] → /Users/apple/Downloads/nutritioncolours/src/content/locations/kapurthala-obesity.md
[DRY] → /Users/apple/Downloads/nutritioncolours/src/content/locations/kapurthala-thyroid-dysregulation.md
[DRY] → /Users/apple/Downloads/nutritioncolours/src/content/locations/kapurthala-fatty-liver.md
[DRY] → /Users/apple/Downloads/nutritioncolours/src/content/locations/kapurthala-circadian-desynchrony.md
[DRY] → /Users/apple/Downloads/nutritioncolours/src/content/locations/khanna-type-2-diabetes.md
[DRY] → /Users/apple/Downloads/nutritioncolours/src/content/locations/khanna-dyslipidemia.md
[DRY] → /Users/apple/Downloads/nutritioncolours/src/content/locations/khanna-thyroid-dysregulation.md
[DRY] → /Users/apple/Downloads/nutritioncolours/src/content/locations/khanna-fatty-liver.md
[DRY] → /Users/apple/Downloads/nutritioncolours/src/content/locations/ludhiana-obesity.md
[DRY] → /Users/apple/Downloads/nutritioncolours/src/content/locations/ludhiana-pcodpcos.md
[DRY] → /Users/apple/Downloads/nutritioncolours/src/content/locations/ludhiana-thyroid-dysregulation.md
[DRY] → /Users/apple/Downloads/nutritioncolours/src/content/locations/ludhiana-fatty-liver.md
[DRY] → /Users/apple/Downloads/nutritioncolours/src/content/locations/moga-type-2-diabetes.md
[DRY] → /Users/apple/Downloads/nutritioncolours/src/content/locations/moga-hypertension.md
[DRY] → /Users/apple/Downloads/nutritioncolours/src/content/locations/moga-dyslipidemia.md
[DRY] → /Users/apple/Downloads/nutritioncolours/src/content/locations/moga-pcodpcos.md
[DRY] → /Users/apple/Downloads/nutritioncolours/src/content/locations/moga-thyroid-dysregulation.md
[DRY] → /Users/apple/Downloads/nutritioncolours/src/content/locations/patiala-hypertension.md
[DRY] → /Users/apple/Downloads/nutritioncolours/src/content/locations/patiala-dyslipidemia.md
[DRY] → /Users/apple/Downloads/nutritioncolours/src/content/locations/patiala-circadian-desynchrony.md
[DRY] → /Users/apple/Downloads/nutritioncolours/src/content/locations/phagwara-type-2-diabetes.md
[DRY] → /Users/apple/Downloads/nutritioncolours/src/content/locations/phagwara-dyslipidemia.md
[DRY] → /Users/apple/Downloads/nutritioncolours/src/content/locations/phagwara-pcodpcos.md
[DRY] → /Users/apple/Downloads/nutritioncolours/src/content/locations/phagwara-thyroid-dysregulation.md
[DRY] → /Users/apple/Downloads/nutritioncolours/src/content/locations/rajpura-hypertension.md
[DRY] → /Users/apple/Downloads/nutritioncolours/src/content/locations/rajpura-thyroid-dysregulation.md
[DRY] → /Users/apple/Downloads/nutritioncolours/src/content/locations/rajpura-fatty-liver.md
[DRY] → /Users/apple/Downloads/nutritioncolours/src/content/locations/rupnagar-pcodpcos.md
[DRY] → /Users/apple/Downloads/nutritioncolours/src/content/locations/rupnagar-thyroid-dysregulation.md
[DRY] → /Users/apple/Downloads/nutritioncolours/src/content/locations/rupnagar-fatty-liver.md
[DRY] → /Users/apple/Downloads/nutritioncolours/src/content/locations/rupnagar-circadian-desynchrony.md
[DRY] → /Users/apple/Downloads/nutritioncolours/src/content/locations/sangrur-type-2-diabetes.md
[DRY] → /Users/apple/Downloads/nutritioncolours/src/content/locations/sangrur-pcodpcos.md
[DRY] → /Users/apple/Downloads/nutritioncolours/src/content/locations/sangrur-circadian-desynchrony.md
[DRY] → /Users/apple/Downloads/nutritioncolours/src/content/locations/taran-taran-obesity.md
[DRY] → /Users/apple/Downloads/nutritioncolours/src/content/locations/taran-taran-dyslipidemia.md
[DRY] → /Users/apple/Downloads/nutritioncolours/src/content/locations/taran-taran-fatty-liver.md
[DRY] → /Users/apple/Downloads/nutritioncolours/src/content/locations/ajmer-hypertension.md
[DRY] → /Users/apple/Downloads/nutritioncolours/src/content/locations/ajmer-pcodpcos.md
[DRY] → /Users/apple/Downloads/nutritioncolours/src/content/locations/ajmer-circadian-desynchrony.md
[DRY] → /Users/apple/Downloads/nutritioncolours/src/content/locations/ajmer-metabolic-syndrome.md
[DRY] → /Users/apple/Downloads/nutritioncolours/src/content/locations/alwar-hypertension.md
[DRY] → /Users/apple/Downloads/nutritioncolours/src/content/locations/alwar-pcodpcos.md
[DRY] → /Users/apple/Downloads/nutritioncolours/src/content/locations/alwar-circadian-desynchrony.md
[DRY] → /Users/apple/Downloads/nutritioncolours/src/content/locations/bayana-type-2-diabetes.md
[DRY] → /Users/apple/Downloads/nutritioncolours/src/content/locations/bayana-hypertension.md
[DRY] → /Users/apple/Downloads/nutritioncolours/src/content/locations/bayana-insulin-resistance.md
[DRY] → /Users/apple/Downloads/nutritioncolours/src/content/locations/bayana-thyroid-dysregulation.md
[DRY] → /Users/apple/Downloads/nutritioncolours/src/content/locations/beawar-type-2-diabetes.md
[DRY] → /Users/apple/Downloads/nutritioncolours/src/content/locations/beawar-dyslipidemia.md
[DRY] → /Users/apple/Downloads/nutritioncolours/src/content/locations/beawar-thyroid-dysregulation.md
[DRY] → /Users/apple/Downloads/nutritioncolours/src/content/locations/beawar-circadian-desynchrony.md
[DRY] → /Users/apple/Downloads/nutritioncolours/src/content/locations/beawar-metabolic-syndrome.md
[DRY] → /Users/apple/Downloads/nutritioncolours/src/content/locations/bharatpur-type-2-diabetes.md
[DRY] → /Users/apple/Downloads/nutritioncolours/src/content/locations/bharatpur-pcodpcos.md
[DRY] → /Users/apple/Downloads/nutritioncolours/src/content/locations/bharatpur-fatty-liver.md
[DRY] → /Users/apple/Downloads/nutritioncolours/src/content/locations/bharatpur-city-obesity.md
[DRY] → /Users/apple/Downloads/nutritioncolours/src/content/locations/bharatpur-city-fatty-liver.md
[DRY] → /Users/apple/Downloads/nutritioncolours/src/content/locations/bharatpur-city-circadian-desynchrony.md
[DRY] → /Users/apple/Downloads/nutritioncolours/src/content/locations/bhilwara-dyslipidemia.md
[DRY] → /Users/apple/Downloads/nutritioncolours/src/content/locations/bhilwara-fatty-liver.md
[DRY] → /Users/apple/Downloads/nutritioncolours/src/content/locations/bhilwara-circadian-desynchrony.md
[DRY] → /Users/apple/Downloads/nutritioncolours/src/content/locations/bikaner-hypertension.md
[DRY] → /Users/apple/Downloads/nutritioncolours/src/content/locations/bikaner-dyslipidemia.md
[DRY] → /Users/apple/Downloads/nutritioncolours/src/content/locations/bikaner-pcodpcos.md
[DRY] → /Users/apple/Downloads/nutritioncolours/src/content/locations/bikaner-fatty-liver.md
[DRY] → /Users/apple/Downloads/nutritioncolours/src/content/locations/bundi-dyslipidemia.md
[DRY] → /Users/apple/Downloads/nutritioncolours/src/content/locations/bundi-circadian-desynchrony.md
[DRY] → /Users/apple/Downloads/nutritioncolours/src/content/locations/bundi-metabolic-syndrome.md
[DRY] → /Users/apple/Downloads/nutritioncolours/src/content/locations/chirawa-insulin-resistance.md
[DRY] → /Users/apple/Downloads/nutritioncolours/src/content/locations/chirawa-fatty-liver.md
[DRY] → /Users/apple/Downloads/nutritioncolours/src/content/locations/chirawa-metabolic-syndrome.md
[DRY] → /Users/apple/Downloads/nutritioncolours/src/content/locations/chittorgarh-obesity.md
[DRY] → /Users/apple/Downloads/nutritioncolours/src/content/locations/chittorgarh-pcodpcos.md
[DRY] → /Users/apple/Downloads/nutritioncolours/src/content/locations/chittorgarh-thyroid-dysregulation.md
[DRY] → /Users/apple/Downloads/nutritioncolours/src/content/locations/chittorgarh-fatty-liver.md
[DRY] → /Users/apple/Downloads/nutritioncolours/src/content/locations/churu-hypertension.md
[DRY] → /Users/apple/Downloads/nutritioncolours/src/content/locations/churu-insulin-resistance.md
[DRY] → /Users/apple/Downloads/nutritioncolours/src/content/locations/churu-dyslipidemia.md
[DRY] → /Users/apple/Downloads/nutritioncolours/src/content/locations/churu-circadian-desynchrony.md
[DRY] → /Users/apple/Downloads/nutritioncolours/src/content/locations/churu-metabolic-syndrome.md
[DRY] → /Users/apple/Downloads/nutritioncolours/src/content/locations/dausa-type-2-diabetes.md
[DRY] → /Users/apple/Downloads/nutritioncolours/src/content/locations/dausa-obesity.md
[DRY] → /Users/apple/Downloads/nutritioncolours/src/content/locations/dausa-hypertension.md
[DRY] → /Users/apple/Downloads/nutritioncolours/src/content/locations/dausa-circadian-desynchrony.md
[DRY] → /Users/apple/Downloads/nutritioncolours/src/content/locations/deeg-type-2-diabetes.md
[DRY] → /Users/apple/Downloads/nutritioncolours/src/content/locations/deeg-thyroid-dysregulation.md
[DRY] → /Users/apple/Downloads/nutritioncolours/src/content/locations/deeg-circadian-desynchrony.md
[DRY] → /Users/apple/Downloads/nutritioncolours/src/content/locations/dholpur-hypertension.md
[DRY] → /Users/apple/Downloads/nutritioncolours/src/content/locations/dholpur-circadian-desynchrony.md
[DRY] → /Users/apple/Downloads/nutritioncolours/src/content/locations/didwana-insulin-resistance.md
[DRY] → /Users/apple/Downloads/nutritioncolours/src/content/locations/didwana-pcodpcos.md
[DRY] → /Users/apple/Downloads/nutritioncolours/src/content/locations/didwana-fatty-liver.md
[DRY] → /Users/apple/Downloads/nutritioncolours/src/content/locations/dungarpur-type-2-diabetes.md
[DRY] → /Users/apple/Downloads/nutritioncolours/src/content/locations/dungarpur-hypertension.md
[DRY] → /Users/apple/Downloads/nutritioncolours/src/content/locations/dungarpur-pcodpcos.md
[DRY] → /Users/apple/Downloads/nutritioncolours/src/content/locations/dungarpur-circadian-desynchrony.md
[DRY] → /Users/apple/Downloads/nutritioncolours/src/content/locations/fatehpur-obesity.md
[DRY] → /Users/apple/Downloads/nutritioncolours/src/content/locations/fatehpur-fatty-liver.md
[DRY] → /Users/apple/Downloads/nutritioncolours/src/content/locations/fatehpur-circadian-desynchrony.md
[DRY] → /Users/apple/Downloads/nutritioncolours/src/content/locations/gandhinagar-insulin-resistance.md
[DRY] → /Users/apple/Downloads/nutritioncolours/src/content/locations/gandhinagar-circadian-desynchrony.md
[DRY] → /Users/apple/Downloads/nutritioncolours/src/content/locations/gangapur-rs-insulin-resistance.md
[DRY] → /Users/apple/Downloads/nutritioncolours/src/content/locations/gangapur-rs-dyslipidemia.md
[DRY] → /Users/apple/Downloads/nutritioncolours/src/content/locations/gangapur-rs-fatty-liver.md
[DRY] → /Users/apple/Downloads/nutritioncolours/src/content/locations/gangapur-rs-circadian-desynchrony.md
[DRY] → /Users/apple/Downloads/nutritioncolours/src/content/locations/hanumangarh-junction-insulin-resistance.md
[DRY] → /Users/apple/Downloads/nutritioncolours/src/content/locations/hanumangarh-junction-dyslipidemia.md
[DRY] → /Users/apple/Downloads/nutritioncolours/src/content/locations/hanumangarh-junction-pcodpcos.md
[DRY] → /Users/apple/Downloads/nutritioncolours/src/content/locations/hanumangarh-junction-fatty-liver.md
[DRY] → /Users/apple/Downloads/nutritioncolours/src/content/locations/hindaun-hypertension.md
[DRY] → /Users/apple/Downloads/nutritioncolours/src/content/locations/hindaun-thyroid-dysregulation.md
[DRY] → /Users/apple/Downloads/nutritioncolours/src/content/locations/hindaun-fatty-liver.md
[DRY] → /Users/apple/Downloads/nutritioncolours/src/content/locations/kankroli-type-2-diabetes.md
[DRY] → /Users/apple/Downloads/nutritioncolours/src/content/locations/kankroli-obesity.md
[DRY] → /Users/apple/Downloads/nutritioncolours/src/content/locations/kankroli-insulin-resistance.md
[DRY] → /Users/apple/Downloads/nutritioncolours/src/content/locations/kota-obesity.md
[DRY] → /Users/apple/Downloads/nutritioncolours/src/content/locations/kota-dyslipidemia.md
[DRY] → /Users/apple/Downloads/nutritioncolours/src/content/locations/madanganj-thyroid-dysregulation.md
[DRY] → /Users/apple/Downloads/nutritioncolours/src/content/locations/madanganj-fatty-liver.md
[DRY] → /Users/apple/Downloads/nutritioncolours/src/content/locations/madanganj-metabolic-syndrome.md
[DRY] → /Users/apple/Downloads/nutritioncolours/src/content/locations/makrana-type-2-diabetes.md
[DRY] → /Users/apple/Downloads/nutritioncolours/src/content/locations/makrana-dyslipidemia.md
[DRY] → /Users/apple/Downloads/nutritioncolours/src/content/locations/makrana-circadian-desynchrony.md
[DRY] → /Users/apple/Downloads/nutritioncolours/src/content/locations/marwar-jn-hypertension.md
[DRY] → /Users/apple/Downloads/nutritioncolours/src/content/locations/marwar-jn-insulin-resistance.md
[DRY] → /Users/apple/Downloads/nutritioncolours/src/content/locations/marwar-jn-dyslipidemia.md
[DRY] → /Users/apple/Downloads/nutritioncolours/src/content/locations/marwar-jn-pcodpcos.md
[DRY] → /Users/apple/Downloads/nutritioncolours/src/content/locations/marwar-jn-thyroid-dysregulation.md
[DRY] → /Users/apple/Downloads/nutritioncolours/src/content/locations/mavli-jn-thyroid-dysregulation.md
[DRY] → /Users/apple/Downloads/nutritioncolours/src/content/locations/mavli-jn-circadian-desynchrony.md
[DRY] → /Users/apple/Downloads/nutritioncolours/src/content/locations/mavli-jn-metabolic-syndrome.md
[DRY] → /Users/apple/Downloads/nutritioncolours/src/content/locations/nagaur-hypertension.md
[DRY] → /Users/apple/Downloads/nutritioncolours/src/content/locations/nagaur-insulin-resistance.md
[DRY] → /Users/apple/Downloads/nutritioncolours/src/content/locations/nagaur-fatty-liver.md
[DRY] → /Users/apple/Downloads/nutritioncolours/src/content/locations/nagaur-metabolic-syndrome.md
[DRY] → /Users/apple/Downloads/nutritioncolours/src/content/locations/nasirabad-pcodpcos.md
[DRY] → /Users/apple/Downloads/nutritioncolours/src/content/locations/nasirabad-metabolic-syndrome.md
[DRY] → /Users/apple/Downloads/nutritioncolours/src/content/locations/neembathana-town-obesity.md
[DRY] → /Users/apple/Downloads/nutritioncolours/src/content/locations/neembathana-town-pcodpcos.md
[DRY] → /Users/apple/Downloads/nutritioncolours/src/content/locations/neembathana-town-fatty-liver.md
[DRY] → /Users/apple/Downloads/nutritioncolours/src/content/locations/neembathana-town-metabolic-syndrome.md
[DRY] → /Users/apple/Downloads/nutritioncolours/src/content/locations/new-grain-mandi-pcodpcos.md
[DRY] → /Users/apple/Downloads/nutritioncolours/src/content/locations/new-grain-mandi-fatty-liver.md
[DRY] → /Users/apple/Downloads/nutritioncolours/src/content/locations/pali-obesity.md
[DRY] → /Users/apple/Downloads/nutritioncolours/src/content/locations/pali-metabolic-syndrome.md
[DRY] → /Users/apple/Downloads/nutritioncolours/src/content/locations/ratangarh-type-2-diabetes.md
[DRY] → /Users/apple/Downloads/nutritioncolours/src/content/locations/ratangarh-hypertension.md
[DRY] → /Users/apple/Downloads/nutritioncolours/src/content/locations/ratangarh-dyslipidemia.md
[DRY] → /Users/apple/Downloads/nutritioncolours/src/content/locations/sanbhar-lake-dyslipidemia.md
[DRY] → /Users/apple/Downloads/nutritioncolours/src/content/locations/sanbhar-lake-fatty-liver.md
[DRY] → /Users/apple/Downloads/nutritioncolours/src/content/locations/sawaimadhopur-obesity.md
[DRY] → /Users/apple/Downloads/nutritioncolours/src/content/locations/sawaimadhopur-fatty-liver.md
[DRY] → /Users/apple/Downloads/nutritioncolours/src/content/locations/sawaimadhopur-metabolic-syndrome.md
[DRY] → /Users/apple/Downloads/nutritioncolours/src/content/locations/shahpura-insulin-resistance.md
[DRY] → /Users/apple/Downloads/nutritioncolours/src/content/locations/shahpura-dyslipidemia.md
[DRY] → /Users/apple/Downloads/nutritioncolours/src/content/locations/shahpura-fatty-liver.md
[DRY] → /Users/apple/Downloads/nutritioncolours/src/content/locations/shahpura-circadian-desynchrony.md
[DRY] → /Users/apple/Downloads/nutritioncolours/src/content/locations/jaipur-dyslipidemia.md
[DRY] → /Users/apple/Downloads/nutritioncolours/src/content/locations/jaipur-pcodpcos.md
[DRY] → /Users/apple/Downloads/nutritioncolours/src/content/locations/jaipur-circadian-desynchrony.md
[DRY] → /Users/apple/Downloads/nutritioncolours/src/content/locations/jodhpur-insulin-resistance.md
[DRY] → /Users/apple/Downloads/nutritioncolours/src/content/locations/jodhpur-thyroid-dysregulation.md
[DRY] → /Users/apple/Downloads/nutritioncolours/src/content/locations/jodhpur-fatty-liver.md
[DRY] → /Users/apple/Downloads/nutritioncolours/src/content/locations/sirohi-type-2-diabetes.md
[DRY] → /Users/apple/Downloads/nutritioncolours/src/content/locations/sirohi-pcodpcos.md
[DRY] → /Users/apple/Downloads/nutritioncolours/src/content/locations/sirohi-fatty-liver.md
[DRY] → /Users/apple/Downloads/nutritioncolours/src/content/locations/sriganganagar-obesity.md
[DRY] → /Users/apple/Downloads/nutritioncolours/src/content/locations/sriganganagar-dyslipidemia.md
[DRY] → /Users/apple/Downloads/nutritioncolours/src/content/locations/sriganganagar-metabolic-syndrome.md
[DRY] → /Users/apple/Downloads/nutritioncolours/src/content/locations/srimadhopur-type-2-diabetes.md
[DRY] → /Users/apple/Downloads/nutritioncolours/src/content/locations/srimadhopur-obesity.md
[DRY] → /Users/apple/Downloads/nutritioncolours/src/content/locations/srimadhopur-metabolic-syndrome.md
[DRY] → /Users/apple/Downloads/nutritioncolours/src/content/locations/tonk-obesity.md
[DRY] → /Users/apple/Downloads/nutritioncolours/src/content/locations/tonk-hypertension.md
[DRY] → /Users/apple/Downloads/nutritioncolours/src/content/locations/tonk-thyroid-dysregulation.md
[DRY] → /Users/apple/Downloads/nutritioncolours/src/content/locations/udaipur-obesity.md
[DRY] → /Users/apple/Downloads/nutritioncolours/src/content/locations/udaipur-dyslipidemia.md
[DRY] → /Users/apple/Downloads/nutritioncolours/src/content/locations/udaipur-pcodpcos.md
[DRY] → /Users/apple/Downloads/nutritioncolours/src/content/locations/udaipur-thyroid-dysregulation.md
[DRY] → /Users/apple/Downloads/nutritioncolours/src/content/locations/dikchu-insulin-resistance.md
[DRY] → /Users/apple/Downloads/nutritioncolours/src/content/locations/dikchu-dyslipidemia.md
[DRY] → /Users/apple/Downloads/nutritioncolours/src/content/locations/dikchu-pcodpcos.md
[DRY] → /Users/apple/Downloads/nutritioncolours/src/content/locations/dikchu-metabolic-syndrome.md
[DRY] → /Users/apple/Downloads/nutritioncolours/src/content/locations/gangtok-gpo-obesity.md
[DRY] → /Users/apple/Downloads/nutritioncolours/src/content/locations/gangtok-gpo-insulin-resistance.md
[DRY] → /Users/apple/Downloads/nutritioncolours/src/content/locations/gangtok-gpo-dyslipidemia.md
[DRY] → /Users/apple/Downloads/nutritioncolours/src/content/locations/mangan-dyslipidemia.md
[DRY] → /Users/apple/Downloads/nutritioncolours/src/content/locations/mangan-fatty-liver.md
[DRY] → /Users/apple/Downloads/nutritioncolours/src/content/locations/namchi-pcodpcos.md
[DRY] → /Users/apple/Downloads/nutritioncolours/src/content/locations/namchi-fatty-liver.md
[DRY] → /Users/apple/Downloads/nutritioncolours/src/content/locations/namchi-circadian-desynchrony.md
[DRY] → /Users/apple/Downloads/nutritioncolours/src/content/locations/rangpo-hypertension.md
[DRY] → /Users/apple/Downloads/nutritioncolours/src/content/locations/rangpo-insulin-resistance.md
[DRY] → /Users/apple/Downloads/nutritioncolours/src/content/locations/rangpo-thyroid-dysregulation.md
[DRY] → /Users/apple/Downloads/nutritioncolours/src/content/locations/rangpo-circadian-desynchrony.md
[DRY] → /Users/apple/Downloads/nutritioncolours/src/content/locations/tong-pcodpcos.md
[DRY] → /Users/apple/Downloads/nutritioncolours/src/content/locations/tong-circadian-desynchrony.md
[DRY] → /Users/apple/Downloads/nutritioncolours/src/content/locations/tong-metabolic-syndrome.md
[DRY] → /Users/apple/Downloads/nutritioncolours/src/content/locations/ambasamudram-insulin-resistance.md
[DRY] → /Users/apple/Downloads/nutritioncolours/src/content/locations/ambasamudram-thyroid-dysregulation.md
[DRY] → /Users/apple/Downloads/nutritioncolours/src/content/locations/ambasamudram-metabolic-syndrome.md
[DRY] → /Users/apple/Downloads/nutritioncolours/src/content/locations/ambattur-obesity.md
[DRY] → /Users/apple/Downloads/nutritioncolours/src/content/locations/ambattur-pcodpcos.md
[DRY] → /Users/apple/Downloads/nutritioncolours/src/content/locations/ambattur-circadian-desynchrony.md
[DRY] → /Users/apple/Downloads/nutritioncolours/src/content/locations/anna-road-type-2-diabetes.md
[DRY] → /Users/apple/Downloads/nutritioncolours/src/content/locations/anna-road-thyroid-dysregulation.md
[DRY] → /Users/apple/Downloads/nutritioncolours/src/content/locations/anna-road-circadian-desynchrony.md
[DRY] → /Users/apple/Downloads/nutritioncolours/src/content/locations/anna-road-metabolic-syndrome.md
[DRY] → /Users/apple/Downloads/nutritioncolours/src/content/locations/arakkonam-insulin-resistance.md
[DRY] → /Users/apple/Downloads/nutritioncolours/src/content/locations/arakkonam-dyslipidemia.md
[DRY] → /Users/apple/Downloads/nutritioncolours/src/content/locations/arakkonam-metabolic-syndrome.md
[DRY] → /Users/apple/Downloads/nutritioncolours/src/content/locations/arasaradi-type-2-diabetes.md
[DRY] → /Users/apple/Downloads/nutritioncolours/src/content/locations/arasaradi-obesity.md
[DRY] → /Users/apple/Downloads/nutritioncolours/src/content/locations/arasaradi-pcodpcos.md
[DRY] → /Users/apple/Downloads/nutritioncolours/src/content/locations/arasaradi-thyroid-dysregulation.md
[DRY] → /Users/apple/Downloads/nutritioncolours/src/content/locations/arasaradi-metabolic-syndrome.md
[DRY] → /Users/apple/Downloads/nutritioncolours/src/content/locations/arni-type-2-diabetes.md
[DRY] → /Users/apple/Downloads/nutritioncolours/src/content/locations/arni-pcodpcos.md
[DRY] → /Users/apple/Downloads/nutritioncolours/src/content/locations/arni-thyroid-dysregulation.md
[DRY] → /Users/apple/Downloads/nutritioncolours/src/content/locations/arni-fatty-liver.md
[DRY] → /Users/apple/Downloads/nutritioncolours/src/content/locations/arni-circadian-desynchrony.md
[DRY] → /Users/apple/Downloads/nutritioncolours/src/content/locations/aruppukottai-type-2-diabetes.md
[DRY] → /Users/apple/Downloads/nutritioncolours/src/content/locations/aruppukottai-insulin-resistance.md
[DRY] → /Users/apple/Downloads/nutritioncolours/src/content/locations/aruppukottai-dyslipidemia.md
[DRY] → /Users/apple/Downloads/nutritioncolours/src/content/locations/aruppukottai-metabolic-syndrome.md
[DRY] → /Users/apple/Downloads/nutritioncolours/src/content/locations/atur-dyslipidemia.md
[DRY] → /Users/apple/Downloads/nutritioncolours/src/content/locations/atur-thyroid-dysregulation.md
[DRY] → /Users/apple/Downloads/nutritioncolours/src/content/locations/atur-fatty-liver.md
[DRY] → /Users/apple/Downloads/nutritioncolours/src/content/locations/atur-circadian-desynchrony.md
[DRY] → /Users/apple/Downloads/nutritioncolours/src/content/locations/avadi-camp-hypertension.md
[DRY] → /Users/apple/Downloads/nutritioncolours/src/content/locations/avadi-camp-insulin-resistance.md
[DRY] → /Users/apple/Downloads/nutritioncolours/src/content/locations/avadi-camp-thyroid-dysregulation.md
[DRY] → /Users/apple/Downloads/nutritioncolours/src/content/locations/avadi-camp-metabolic-syndrome.md
[DRY] → /Users/apple/Downloads/nutritioncolours/src/content/locations/bhavani-obesity.md
[DRY] → /Users/apple/Downloads/nutritioncolours/src/content/locations/bhavani-insulin-resistance.md
[DRY] → /Users/apple/Downloads/nutritioncolours/src/content/locations/bhavani-fatty-liver.md
[DRY] → /Users/apple/Downloads/nutritioncolours/src/content/locations/bhavani-circadian-desynchrony.md
[DRY] → /Users/apple/Downloads/nutritioncolours/src/content/locations/bodinayakanur-insulin-resistance.md
[DRY] → /Users/apple/Downloads/nutritioncolours/src/content/locations/bodinayakanur-fatty-liver.md
[DRY] → /Users/apple/Downloads/nutritioncolours/src/content/locations/chengalpattu-type-2-diabetes.md
[DRY] → /Users/apple/Downloads/nutritioncolours/src/content/locations/chengalpattu-obesity.md
[DRY] → /Users/apple/Downloads/nutritioncolours/src/content/locations/chengalpattu-hypertension.md
[DRY] → /Users/apple/Downloads/nutritioncolours/src/content/locations/chengalpattu-circadian-desynchrony.md
[DRY] → /Users/apple/Downloads/nutritioncolours/src/content/locations/chidambaram-type-2-diabetes.md
[DRY] → /Users/apple/Downloads/nutritioncolours/src/content/locations/chidambaram-obesity.md
[DRY] → /Users/apple/Downloads/nutritioncolours/src/content/locations/chidambaram-thyroid-dysregulation.md
[DRY] → /Users/apple/Downloads/nutritioncolours/src/content/locations/cobichettipalayam-obesity.md
[DRY] → /Users/apple/Downloads/nutritioncolours/src/content/locations/cobichettipalayam-dyslipidemia.md
[DRY] → /Users/apple/Downloads/nutritioncolours/src/content/locations/cobichettipalayam-fatty-liver.md
[DRY] → /Users/apple/Downloads/nutritioncolours/src/content/locations/coimbatore-obesity.md
[DRY] → /Users/apple/Downloads/nutritioncolours/src/content/locations/coimbatore-fatty-liver.md
[DRY] → /Users/apple/Downloads/nutritioncolours/src/content/locations/coonoor-type-2-diabetes.md
[DRY] → /Users/apple/Downloads/nutritioncolours/src/content/locations/coonoor-insulin-resistance.md
[DRY] → /Users/apple/Downloads/nutritioncolours/src/content/locations/coonoor-thyroid-dysregulation.md
[DRY] → /Users/apple/Downloads/nutritioncolours/src/content/locations/coonoor-fatty-liver.md
[DRY] → /Users/apple/Downloads/nutritioncolours/src/content/locations/cuddalore-type-2-diabetes.md
[DRY] → /Users/apple/Downloads/nutritioncolours/src/content/locations/cuddalore-fatty-liver.md
[DRY] → /Users/apple/Downloads/nutritioncolours/src/content/locations/cuddalore-circadian-desynchrony.md
[DRY] → /Users/apple/Downloads/nutritioncolours/src/content/locations/devakottai-obesity.md
[DRY] → /Users/apple/Downloads/nutritioncolours/src/content/locations/devakottai-circadian-desynchrony.md
[DRY] → /Users/apple/Downloads/nutritioncolours/src/content/locations/dharapuram-type-2-diabetes.md
[DRY] → /Users/apple/Downloads/nutritioncolours/src/content/locations/dharapuram-hypertension.md
[DRY] → /Users/apple/Downloads/nutritioncolours/src/content/locations/dharapuram-thyroid-dysregulation.md
[DRY] → /Users/apple/Downloads/nutritioncolours/src/content/locations/dharapuram-fatty-liver.md
[DRY] → /Users/apple/Downloads/nutritioncolours/src/content/locations/dharapuram-metabolic-syndrome.md
[DRY] → /Users/apple/Downloads/nutritioncolours/src/content/locations/dharmapuri-type-2-diabetes.md
[DRY] → /Users/apple/Downloads/nutritioncolours/src/content/locations/dharmapuri-insulin-resistance.md
[DRY] → /Users/apple/Downloads/nutritioncolours/src/content/locations/dharmapuri-dyslipidemia.md
[DRY] → /Users/apple/Downloads/nutritioncolours/src/content/locations/dindigul-obesity.md
[DRY] → /Users/apple/Downloads/nutritioncolours/src/content/locations/dindigul-hypertension.md
[DRY] → /Users/apple/Downloads/nutritioncolours/src/content/locations/dindigul-insulin-resistance.md
[DRY] → /Users/apple/Downloads/nutritioncolours/src/content/locations/dindigul-dyslipidemia.md
[DRY] → /Users/apple/Downloads/nutritioncolours/src/content/locations/dindigul-thyroid-dysregulation.md
[DRY] → /Users/apple/Downloads/nutritioncolours/src/content/locations/erode-obesity.md
[DRY] → /Users/apple/Downloads/nutritioncolours/src/content/locations/erode-hypertension.md
[DRY] → /Users/apple/Downloads/nutritioncolours/src/content/locations/erode-insulin-resistance.md
[DRY] → /Users/apple/Downloads/nutritioncolours/src/content/locations/erode-thyroid-dysregulation.md
[DRY] → /Users/apple/Downloads/nutritioncolours/src/content/locations/erode-circadian-desynchrony.md
[DRY] → /Users/apple/Downloads/nutritioncolours/src/content/locations/gudiyattam-type-2-diabetes.md
[DRY] → /Users/apple/Downloads/nutritioncolours/src/content/locations/gudiyattam-pcodpcos.md
[DRY] → /Users/apple/Downloads/nutritioncolours/src/content/locations/gudiyattam-fatty-liver.md
[DRY] → /Users/apple/Downloads/nutritioncolours/src/content/locations/gudiyattam-circadian-desynchrony.md
[DRY] → /Users/apple/Downloads/nutritioncolours/src/content/locations/gudiyattam-metabolic-syndrome.md
[DRY] → /Users/apple/Downloads/nutritioncolours/src/content/locations/kallakurichi-hypertension.md
[DRY] → /Users/apple/Downloads/nutritioncolours/src/content/locations/kallakurichi-pcodpcos.md
[DRY] → /Users/apple/Downloads/nutritioncolours/src/content/locations/kallakurichi-thyroid-dysregulation.md
[DRY] → /Users/apple/Downloads/nutritioncolours/src/content/locations/kanchipuram-hypertension.md
[DRY] → /Users/apple/Downloads/nutritioncolours/src/content/locations/kanchipuram-pcodpcos.md
[DRY] → /Users/apple/Downloads/nutritioncolours/src/content/locations/kanchipuram-fatty-liver.md
[DRY] → /Users/apple/Downloads/nutritioncolours/src/content/locations/karaikudi-obesity.md
[DRY] → /Users/apple/Downloads/nutritioncolours/src/content/locations/karaikudi-insulin-resistance.md
[DRY] → /Users/apple/Downloads/nutritioncolours/src/content/locations/karaikudi-metabolic-syndrome.md
[DRY] → /Users/apple/Downloads/nutritioncolours/src/content/locations/karur-type-2-diabetes.md
[DRY] → /Users/apple/Downloads/nutritioncolours/src/content/locations/karur-obesity.md
[DRY] → /Users/apple/Downloads/nutritioncolours/src/content/locations/karur-dyslipidemia.md
[DRY] → /Users/apple/Downloads/nutritioncolours/src/content/locations/kovilpatti-type-2-diabetes.md
[DRY] → /Users/apple/Downloads/nutritioncolours/src/content/locations/kovilpatti-obesity.md
[DRY] → /Users/apple/Downloads/nutritioncolours/src/content/locations/kovilpatti-hypertension.md
[DRY] → /Users/apple/Downloads/nutritioncolours/src/content/locations/kovilpatti-thyroid-dysregulation.md
[DRY] → /Users/apple/Downloads/nutritioncolours/src/content/locations/krishnagiri-obesity.md
[DRY] → /Users/apple/Downloads/nutritioncolours/src/content/locations/krishnagiri-hypertension.md
[DRY] → /Users/apple/Downloads/nutritioncolours/src/content/locations/krishnagiri-insulin-resistance.md
[DRY] → /Users/apple/Downloads/nutritioncolours/src/content/locations/krishnagiri-dyslipidemia.md
[DRY] → /Users/apple/Downloads/nutritioncolours/src/content/locations/kulittalai-hypertension.md
[DRY] → /Users/apple/Downloads/nutritioncolours/src/content/locations/kulittalai-fatty-liver.md
[DRY] → /Users/apple/Downloads/nutritioncolours/src/content/locations/kulittalai-metabolic-syndrome.md
[DRY] → /Users/apple/Downloads/nutritioncolours/src/content/locations/kumbakonam-pcodpcos.md
[DRY] → /Users/apple/Downloads/nutritioncolours/src/content/locations/kumbakonam-thyroid-dysregulation.md
[DRY] → /Users/apple/Downloads/nutritioncolours/src/content/locations/kumbakonam-circadian-desynchrony.md
[DRY] → /Users/apple/Downloads/nutritioncolours/src/content/locations/madras-gpo-obesity.md
[DRY] → /Users/apple/Downloads/nutritioncolours/src/content/locations/madras-gpo-dyslipidemia.md
[DRY] → /Users/apple/Downloads/nutritioncolours/src/content/locations/madras-gpo-circadian-desynchrony.md
[DRY] → /Users/apple/Downloads/nutritioncolours/src/content/locations/madurai-type-2-diabetes.md
[DRY] → /Users/apple/Downloads/nutritioncolours/src/content/locations/madurai-obesity.md
[DRY] → /Users/apple/Downloads/nutritioncolours/src/content/locations/madurai-dyslipidemia.md
[DRY] → /Users/apple/Downloads/nutritioncolours/src/content/locations/madurai-circadian-desynchrony.md
[DRY] → /Users/apple/Downloads/nutritioncolours/src/content/locations/manamadurai-type-2-diabetes.md
[DRY] → /Users/apple/Downloads/nutritioncolours/src/content/locations/manamadurai-obesity.md
[DRY] → /Users/apple/Downloads/nutritioncolours/src/content/locations/manamadurai-hypertension.md
[DRY] → /Users/apple/Downloads/nutritioncolours/src/content/locations/manamadurai-thyroid-dysregulation.md
[DRY] → /Users/apple/Downloads/nutritioncolours/src/content/locations/mannargudi-hypertension.md
[DRY] → /Users/apple/Downloads/nutritioncolours/src/content/locations/mannargudi-thyroid-dysregulation.md
[DRY] → /Users/apple/Downloads/nutritioncolours/src/content/locations/mannargudi-fatty-liver.md
[DRY] → /Users/apple/Downloads/nutritioncolours/src/content/locations/mannargudi-metabolic-syndrome.md
[DRY] → /Users/apple/Downloads/nutritioncolours/src/content/locations/mayiladuthurai-insulin-resistance.md
[DRY] → /Users/apple/Downloads/nutritioncolours/src/content/locations/mayiladuthurai-dyslipidemia.md
[DRY] → /Users/apple/Downloads/nutritioncolours/src/content/locations/mayiladuthurai-circadian-desynchrony.md
[DRY] → /Users/apple/Downloads/nutritioncolours/src/content/locations/melakaveri-hypertension.md
[DRY] → /Users/apple/Downloads/nutritioncolours/src/content/locations/melakaveri-insulin-resistance.md
[DRY] → /Users/apple/Downloads/nutritioncolours/src/content/locations/melakaveri-pcodpcos.md
[DRY] → /Users/apple/Downloads/nutritioncolours/src/content/locations/melakaveri-circadian-desynchrony.md
[DRY] → /Users/apple/Downloads/nutritioncolours/src/content/locations/mettupalayam-obesity.md
[DRY] → /Users/apple/Downloads/nutritioncolours/src/content/locations/mettupalayam-pcodpcos.md
[DRY] → /Users/apple/Downloads/nutritioncolours/src/content/locations/mylapore-fatty-liver.md
[DRY] → /Users/apple/Downloads/nutritioncolours/src/content/locations/mylapore-circadian-desynchrony.md
[DRY] → /Users/apple/Downloads/nutritioncolours/src/content/locations/nagercoil-type-2-diabetes.md
[DRY] → /Users/apple/Downloads/nutritioncolours/src/content/locations/nagercoil-insulin-resistance.md
[DRY] → /Users/apple/Downloads/nutritioncolours/src/content/locations/nagercoil-dyslipidemia.md
[DRY] → /Users/apple/Downloads/nutritioncolours/src/content/locations/nagercoil-fatty-liver.md
[DRY] → /Users/apple/Downloads/nutritioncolours/src/content/locations/nagercoil-circadian-desynchrony.md
[DRY] → /Users/apple/Downloads/nutritioncolours/src/content/locations/namakkal-insulin-resistance.md
[DRY] → /Users/apple/Downloads/nutritioncolours/src/content/locations/namakkal-pcodpcos.md
[DRY] → /Users/apple/Downloads/nutritioncolours/src/content/locations/nargarpattinam-insulin-resistance.md
[DRY] → /Users/apple/Downloads/nutritioncolours/src/content/locations/nargarpattinam-thyroid-dysregulation.md
[DRY] → /Users/apple/Downloads/nutritioncolours/src/content/locations/nilakottai-pcodpcos.md
[DRY] → /Users/apple/Downloads/nutritioncolours/src/content/locations/nilakottai-fatty-liver.md
[DRY] → /Users/apple/Downloads/nutritioncolours/src/content/locations/nilakottai-circadian-desynchrony.md
[DRY] → /Users/apple/Downloads/nutritioncolours/src/content/locations/palani-type-2-diabetes.md
[DRY] → /Users/apple/Downloads/nutritioncolours/src/content/locations/palani-insulin-resistance.md
[DRY] → /Users/apple/Downloads/nutritioncolours/src/content/locations/palani-pcodpcos.md
[DRY] → /Users/apple/Downloads/nutritioncolours/src/content/locations/palayamkottai-type-2-diabetes.md
[DRY] → /Users/apple/Downloads/nutritioncolours/src/content/locations/palayamkottai-insulin-resistance.md
[DRY] → /Users/apple/Downloads/nutritioncolours/src/content/locations/palayamkottai-pcodpcos.md
[DRY] → /Users/apple/Downloads/nutritioncolours/src/content/locations/palayamkottai-circadian-desynchrony.md
[DRY] → /Users/apple/Downloads/nutritioncolours/src/content/locations/papanasam-dyslipidemia.md
[DRY] → /Users/apple/Downloads/nutritioncolours/src/content/locations/papanasam-fatty-liver.md
[DRY] → /Users/apple/Downloads/nutritioncolours/src/content/locations/papanasam-circadian-desynchrony.md
[DRY] → /Users/apple/Downloads/nutritioncolours/src/content/locations/papanasam-metabolic-syndrome.md
[DRY] → /Users/apple/Downloads/nutritioncolours/src/content/locations/paramakudi-dyslipidemia.md
[DRY] → /Users/apple/Downloads/nutritioncolours/src/content/locations/paramakudi-fatty-liver.md
[DRY] → /Users/apple/Downloads/nutritioncolours/src/content/locations/park-town-type-2-diabetes.md
[DRY] → /Users/apple/Downloads/nutritioncolours/src/content/locations/park-town-insulin-resistance.md
[DRY] → /Users/apple/Downloads/nutritioncolours/src/content/locations/park-town-thyroid-dysregulation.md
[DRY] → /Users/apple/Downloads/nutritioncolours/src/content/locations/park-town-circadian-desynchrony.md
[DRY] → /Users/apple/Downloads/nutritioncolours/src/content/locations/pattukottai-type-2-diabetes.md
[DRY] → /Users/apple/Downloads/nutritioncolours/src/content/locations/pattukottai-insulin-resistance.md
[DRY] → /Users/apple/Downloads/nutritioncolours/src/content/locations/pattukottai-dyslipidemia.md
[DRY] → /Users/apple/Downloads/nutritioncolours/src/content/locations/pattukottai-pcodpcos.md
[DRY] → /Users/apple/Downloads/nutritioncolours/src/content/locations/periyakulam-type-2-diabetes.md
[DRY] → /Users/apple/Downloads/nutritioncolours/src/content/locations/periyakulam-pcodpcos.md
[DRY] → /Users/apple/Downloads/nutritioncolours/src/content/locations/periyakulam-fatty-liver.md
[DRY] → /Users/apple/Downloads/nutritioncolours/src/content/locations/pollachi-type-2-diabetes.md
[DRY] → /Users/apple/Downloads/nutritioncolours/src/content/locations/pollachi-obesity.md
[DRY] → /Users/apple/Downloads/nutritioncolours/src/content/locations/pollachi-insulin-resistance.md
[DRY] → /Users/apple/Downloads/nutritioncolours/src/content/locations/pollachi-dyslipidemia.md
[DRY] → /Users/apple/Downloads/nutritioncolours/src/content/locations/pollachi-thyroid-dysregulation.md
[DRY] → /Users/apple/Downloads/nutritioncolours/src/content/locations/pondicherry-type-2-diabetes.md
[DRY] → /Users/apple/Downloads/nutritioncolours/src/content/locations/pondicherry-pcodpcos.md
[DRY] → /Users/apple/Downloads/nutritioncolours/src/content/locations/pondicherry-fatty-liver.md
[DRY] → /Users/apple/Downloads/nutritioncolours/src/content/locations/pudukottai-obesity.md
[DRY] → /Users/apple/Downloads/nutritioncolours/src/content/locations/pudukottai-insulin-resistance.md
[DRY] → /Users/apple/Downloads/nutritioncolours/src/content/locations/pudukottai-circadian-desynchrony.md
[DRY] → /Users/apple/Downloads/nutritioncolours/src/content/locations/rajapalayam-type-2-diabetes.md
[DRY] → /Users/apple/Downloads/nutritioncolours/src/content/locations/rajapalayam-hypertension.md
[DRY] → /Users/apple/Downloads/nutritioncolours/src/content/locations/rajapalayam-dyslipidemia.md
[DRY] → /Users/apple/Downloads/nutritioncolours/src/content/locations/ramanathapuram-obesity.md
[DRY] → /Users/apple/Downloads/nutritioncolours/src/content/locations/ramanathapuram-pcodpcos.md
[DRY] → /Users/apple/Downloads/nutritioncolours/src/content/locations/ramanathapuram-circadian-desynchrony.md
[DRY] → /Users/apple/Downloads/nutritioncolours/src/content/locations/ranipet-obesity.md
[DRY] → /Users/apple/Downloads/nutritioncolours/src/content/locations/ranipet-pcodpcos.md
[DRY] → /Users/apple/Downloads/nutritioncolours/src/content/locations/ranipet-fatty-liver.md
[DRY] → /Users/apple/Downloads/nutritioncolours/src/content/locations/ranipet-metabolic-syndrome.md
[DRY] → /Users/apple/Downloads/nutritioncolours/src/content/locations/rathinasabapathipuram-obesity.md
[DRY] → /Users/apple/Downloads/nutritioncolours/src/content/locations/rathinasabapathipuram-hypertension.md
[DRY] → /Users/apple/Downloads/nutritioncolours/src/content/locations/rathinasabapathipuram-dyslipidemia.md
[DRY] → /Users/apple/Downloads/nutritioncolours/src/content/locations/rathinasabapathipuram-pcodpcos.md
[DRY] → /Users/apple/Downloads/nutritioncolours/src/content/locations/salem-obesity.md
[DRY] → /Users/apple/Downloads/nutritioncolours/src/content/locations/salem-hypertension.md
[DRY] → /Users/apple/Downloads/nutritioncolours/src/content/locations/salem-insulin-resistance.md
[DRY] → /Users/apple/Downloads/nutritioncolours/src/content/locations/salem-pcodpcos.md
[DRY] → /Users/apple/Downloads/nutritioncolours/src/content/locations/salem-circadian-desynchrony.md
[DRY] → /Users/apple/Downloads/nutritioncolours/src/content/locations/sankarankoil-pcodpcos.md
[DRY] → /Users/apple/Downloads/nutritioncolours/src/content/locations/sankarankoil-thyroid-dysregulation.md
[DRY] → /Users/apple/Downloads/nutritioncolours/src/content/locations/sankarankoil-fatty-liver.md
[DRY] → /Users/apple/Downloads/nutritioncolours/src/content/locations/sankarankoil-circadian-desynchrony.md
[DRY] → /Users/apple/Downloads/nutritioncolours/src/content/locations/sirkali-type-2-diabetes.md
[DRY] → /Users/apple/Downloads/nutritioncolours/src/content/locations/sirkali-hypertension.md
[DRY] → /Users/apple/Downloads/nutritioncolours/src/content/locations/sirkali-insulin-resistance.md
[DRY] → /Users/apple/Downloads/nutritioncolours/src/content/locations/sirkali-pcodpcos.md
[DRY] → /Users/apple/Downloads/nutritioncolours/src/content/locations/sirkali-metabolic-syndrome.md
[DRY] → /Users/apple/Downloads/nutritioncolours/src/content/locations/sivakasi-obesity.md
[DRY] → /Users/apple/Downloads/nutritioncolours/src/content/locations/sivakasi-hypertension.md
[DRY] → /Users/apple/Downloads/nutritioncolours/src/content/locations/sivakasi-thyroid-dysregulation.md
[DRY] → /Users/apple/Downloads/nutritioncolours/src/content/locations/sivakasi-circadian-desynchrony.md
[DRY] → /Users/apple/Downloads/nutritioncolours/src/content/locations/sri-rangam-obesity.md
[DRY] → /Users/apple/Downloads/nutritioncolours/src/content/locations/sri-rangam-fatty-liver.md
[DRY] → /Users/apple/Downloads/nutritioncolours/src/content/locations/sri-rangam-metabolic-syndrome.md
[DRY] → /Users/apple/Downloads/nutritioncolours/src/content/locations/srivaikuntam-obesity.md
[DRY] → /Users/apple/Downloads/nutritioncolours/src/content/locations/srivaikuntam-hypertension.md
[DRY] → /Users/apple/Downloads/nutritioncolours/src/content/locations/srivaikuntam-pcodpcos.md
[DRY] → /Users/apple/Downloads/nutritioncolours/src/content/locations/srivaikuntam-thyroid-dysregulation.md
[DRY] → /Users/apple/Downloads/nutritioncolours/src/content/locations/srivaikuntam-circadian-desynchrony.md
[DRY] → /Users/apple/Downloads/nutritioncolours/src/content/locations/stthomas-mount-thyroid-dysregulation.md
[DRY] → /Users/apple/Downloads/nutritioncolours/src/content/locations/stthomas-mount-circadian-desynchrony.md
[DRY] → /Users/apple/Downloads/nutritioncolours/src/content/locations/stthomas-mount-metabolic-syndrome.md
[DRY] → /Users/apple/Downloads/nutritioncolours/src/content/locations/suramangalam-type-2-diabetes.md
[DRY] → /Users/apple/Downloads/nutritioncolours/src/content/locations/suramangalam-hypertension.md
[DRY] → /Users/apple/Downloads/nutritioncolours/src/content/locations/suramangalam-dyslipidemia.md
[DRY] → /Users/apple/Downloads/nutritioncolours/src/content/locations/suramangalam-thyroid-dysregulation.md
[DRY] → /Users/apple/Downloads/nutritioncolours/src/content/locations/suramangalam-fatty-liver.md
[DRY] → /Users/apple/Downloads/nutritioncolours/src/content/locations/tallakulam-obesity.md
[DRY] → /Users/apple/Downloads/nutritioncolours/src/content/locations/tallakulam-insulin-resistance.md
[DRY] → /Users/apple/Downloads/nutritioncolours/src/content/locations/tallakulam-dyslipidemia.md
[DRY] → /Users/apple/Downloads/nutritioncolours/src/content/locations/tambaram-type-2-diabetes.md
[DRY] → /Users/apple/Downloads/nutritioncolours/src/content/locations/tambaram-insulin-resistance.md
[DRY] → /Users/apple/Downloads/nutritioncolours/src/content/locations/tambaram-thyroid-dysregulation.md
[DRY] → /Users/apple/Downloads/nutritioncolours/src/content/locations/tambaram-fatty-liver.md
[DRY] → /Users/apple/Downloads/nutritioncolours/src/content/locations/tambaram-metabolic-syndrome.md
[DRY] → /Users/apple/Downloads/nutritioncolours/src/content/locations/tenkasi-type-2-diabetes.md
[DRY] → /Users/apple/Downloads/nutritioncolours/src/content/locations/tenkasi-dyslipidemia.md
[DRY] → /Users/apple/Downloads/nutritioncolours/src/content/locations/tenkasi-pcodpcos.md
[DRY] → /Users/apple/Downloads/nutritioncolours/src/content/locations/tenkasi-thyroid-dysregulation.md
[DRY] → /Users/apple/Downloads/nutritioncolours/src/content/locations/thanjavur-obesity.md
[DRY] → /Users/apple/Downloads/nutritioncolours/src/content/locations/thanjavur-insulin-resistance.md
[DRY] → /Users/apple/Downloads/nutritioncolours/src/content/locations/thanjavur-dyslipidemia.md
[DRY] → /Users/apple/Downloads/nutritioncolours/src/content/locations/thiruvallur-obesity.md
[DRY] → /Users/apple/Downloads/nutritioncolours/src/content/locations/thiruvallur-pcodpcos.md
[DRY] → /Users/apple/Downloads/nutritioncolours/src/content/locations/thiruvallur-thyroid-dysregulation.md
[DRY] → /Users/apple/Downloads/nutritioncolours/src/content/locations/thiruvallur-fatty-liver.md
[DRY] → /Users/apple/Downloads/nutritioncolours/src/content/locations/thiruvallur-circadian-desynchrony.md
[DRY] → /Users/apple/Downloads/nutritioncolours/src/content/locations/thuckalay-type-2-diabetes.md
[DRY] → /Users/apple/Downloads/nutritioncolours/src/content/locations/thuckalay-obesity.md
[DRY] → /Users/apple/Downloads/nutritioncolours/src/content/locations/thuckalay-circadian-desynchrony.md
[DRY] → /Users/apple/Downloads/nutritioncolours/src/content/locations/thuraiyur-insulin-resistance.md
[DRY] → /Users/apple/Downloads/nutritioncolours/src/content/locations/thuraiyur-dyslipidemia.md
[DRY] → /Users/apple/Downloads/nutritioncolours/src/content/locations/thuraiyur-circadian-desynchrony.md
[DRY] → /Users/apple/Downloads/nutritioncolours/src/content/locations/thyagaraynagar-obesity.md
[DRY] → /Users/apple/Downloads/nutritioncolours/src/content/locations/thyagaraynagar-dyslipidemia.md
[DRY] → /Users/apple/Downloads/nutritioncolours/src/content/locations/thyagaraynagar-metabolic-syndrome.md
[DRY] → /Users/apple/Downloads/nutritioncolours/src/content/locations/tindivanam-type-2-diabetes.md
[DRY] → /Users/apple/Downloads/nutritioncolours/src/content/locations/tindivanam-pcodpcos.md
[DRY] → /Users/apple/Downloads/nutritioncolours/src/content/locations/tindivanam-thyroid-dysregulation.md
[DRY] → /Users/apple/Downloads/nutritioncolours/src/content/locations/tiruchendur-hypertension.md
[DRY] → /Users/apple/Downloads/nutritioncolours/src/content/locations/tiruchendur-thyroid-dysregulation.md
[DRY] → /Users/apple/Downloads/nutritioncolours/src/content/locations/tiruchendur-circadian-desynchrony.md
[DRY] → /Users/apple/Downloads/nutritioncolours/src/content/locations/tiruchengudo-obesity.md
[DRY] → /Users/apple/Downloads/nutritioncolours/src/content/locations/tiruchengudo-thyroid-dysregulation.md
[DRY] → /Users/apple/Downloads/nutritioncolours/src/content/locations/tiruchengudo-metabolic-syndrome.md
[DRY] → /Users/apple/Downloads/nutritioncolours/src/content/locations/tiruchirappalli-type-2-diabetes.md
[DRY] → /Users/apple/Downloads/nutritioncolours/src/content/locations/tiruchirappalli-insulin-resistance.md
[DRY] → /Users/apple/Downloads/nutritioncolours/src/content/locations/tiruchirappalli-dyslipidemia.md
[DRY] → /Users/apple/Downloads/nutritioncolours/src/content/locations/tiruchirappalli-metabolic-syndrome.md
[DRY] → /Users/apple/Downloads/nutritioncolours/src/content/locations/tirukkoyilur-hypertension.md
[DRY] → /Users/apple/Downloads/nutritioncolours/src/content/locations/tirukkoyilur-insulin-resistance.md
[DRY] → /Users/apple/Downloads/nutritioncolours/src/content/locations/tirukkoyilur-dyslipidemia.md
[DRY] → /Users/apple/Downloads/nutritioncolours/src/content/locations/tirukkoyilur-circadian-desynchrony.md
[DRY] → /Users/apple/Downloads/nutritioncolours/src/content/locations/tirunelveli-dyslipidemia.md
[DRY] → /Users/apple/Downloads/nutritioncolours/src/content/locations/tirunelveli-circadian-desynchrony.md
[DRY] → /Users/apple/Downloads/nutritioncolours/src/content/locations/tiruppattur-type-2-diabetes.md
[DRY] → /Users/apple/Downloads/nutritioncolours/src/content/locations/tiruppattur-insulin-resistance.md
[DRY] → /Users/apple/Downloads/nutritioncolours/src/content/locations/tiruppattur-circadian-desynchrony.md
[DRY] → /Users/apple/Downloads/nutritioncolours/src/content/locations/tiruppattur-metabolic-syndrome.md
[DRY] → /Users/apple/Downloads/nutritioncolours/src/content/locations/tirupur-obesity.md
[DRY] → /Users/apple/Downloads/nutritioncolours/src/content/locations/tirupur-hypertension.md
[DRY] → /Users/apple/Downloads/nutritioncolours/src/content/locations/tiruthuraipundi-obesity.md
[DRY] → /Users/apple/Downloads/nutritioncolours/src/content/locations/tiruthuraipundi-thyroid-dysregulation.md
[DRY] → /Users/apple/Downloads/nutritioncolours/src/content/locations/tiruthuraipundi-metabolic-syndrome.md
[DRY] → /Users/apple/Downloads/nutritioncolours/src/content/locations/tiruvannamalai-type-2-diabetes.md
[DRY] → /Users/apple/Downloads/nutritioncolours/src/content/locations/tiruvannamalai-insulin-resistance.md
[DRY] → /Users/apple/Downloads/nutritioncolours/src/content/locations/tiruvannamalai-fatty-liver.md
[DRY] → /Users/apple/Downloads/nutritioncolours/src/content/locations/tiruvarur-insulin-resistance.md
[DRY] → /Users/apple/Downloads/nutritioncolours/src/content/locations/tiruvarur-thyroid-dysregulation.md
[DRY] → /Users/apple/Downloads/nutritioncolours/src/content/locations/tiruvarur-circadian-desynchrony.md
[DRY] → /Users/apple/Downloads/nutritioncolours/src/content/locations/turiyur-pcodpcos.md
[DRY] → /Users/apple/Downloads/nutritioncolours/src/content/locations/turiyur-circadian-desynchrony.md
[DRY] → /Users/apple/Downloads/nutritioncolours/src/content/locations/udagamandalam-hypertension.md
[DRY] → /Users/apple/Downloads/nutritioncolours/src/content/locations/udagamandalam-dyslipidemia.md
[DRY] → /Users/apple/Downloads/nutritioncolours/src/content/locations/udagamandalam-fatty-liver.md
[DRY] → /Users/apple/Downloads/nutritioncolours/src/content/locations/udamalpet-obesity.md
[DRY] → /Users/apple/Downloads/nutritioncolours/src/content/locations/udamalpet-hypertension.md
[DRY] → /Users/apple/Downloads/nutritioncolours/src/content/locations/udamalpet-circadian-desynchrony.md
[DRY] → /Users/apple/Downloads/nutritioncolours/src/content/locations/vellore-type-2-diabetes.md
[DRY] → /Users/apple/Downloads/nutritioncolours/src/content/locations/vellore-obesity.md
[DRY] → /Users/apple/Downloads/nutritioncolours/src/content/locations/vellore-thyroid-dysregulation.md
[DRY] → /Users/apple/Downloads/nutritioncolours/src/content/locations/vellore-fatty-liver.md
[DRY] → /Users/apple/Downloads/nutritioncolours/src/content/locations/vellore-metabolic-syndrome.md
[DRY] → /Users/apple/Downloads/nutritioncolours/src/content/locations/villupuram-insulin-resistance.md
[DRY] → /Users/apple/Downloads/nutritioncolours/src/content/locations/villupuram-thyroid-dysregulation.md
[DRY] → /Users/apple/Downloads/nutritioncolours/src/content/locations/villupuram-fatty-liver.md
[DRY] → /Users/apple/Downloads/nutritioncolours/src/content/locations/virudhunagar-type-2-diabetes.md
[DRY] → /Users/apple/Downloads/nutritioncolours/src/content/locations/virudhunagar-pcodpcos.md
[DRY] → /Users/apple/Downloads/nutritioncolours/src/content/locations/bachaibadi-type-2-diabetes.md
[DRY] → /Users/apple/Downloads/nutritioncolours/src/content/locations/bachaibadi-hypertension.md
[DRY] → /Users/apple/Downloads/nutritioncolours/src/content/locations/bachaibadi-insulin-resistance.md
[DRY] → /Users/apple/Downloads/nutritioncolours/src/content/locations/bachaibadi-fatty-liver.md
[DRY] → /Users/apple/Downloads/nutritioncolours/src/content/locations/abhaynagar-insulin-resistance.md
[DRY] → /Users/apple/Downloads/nutritioncolours/src/content/locations/abhaynagar-pcodpcos.md
[DRY] → /Users/apple/Downloads/nutritioncolours/src/content/locations/abhaynagar-thyroid-dysregulation.md
[DRY] → /Users/apple/Downloads/nutritioncolours/src/content/locations/abhaynagar-metabolic-syndrome.md
[DRY] → /Users/apple/Downloads/nutritioncolours/src/content/locations/agartala-gpo-type-2-diabetes.md
[DRY] → /Users/apple/Downloads/nutritioncolours/src/content/locations/agartala-gpo-dyslipidemia.md
[DRY] → /Users/apple/Downloads/nutritioncolours/src/content/locations/agartala-gpo-metabolic-syndrome.md
[DRY] → /Users/apple/Downloads/nutritioncolours/src/content/locations/amarpur-hypertension.md
[DRY] → /Users/apple/Downloads/nutritioncolours/src/content/locations/amarpur-insulin-resistance.md
[DRY] → /Users/apple/Downloads/nutritioncolours/src/content/locations/amarpur-pcodpcos.md
[DRY] → /Users/apple/Downloads/nutritioncolours/src/content/locations/amarpur-thyroid-dysregulation.md
[DRY] → /Users/apple/Downloads/nutritioncolours/src/content/locations/ambasa-type-2-diabetes.md
[DRY] → /Users/apple/Downloads/nutritioncolours/src/content/locations/ambasa-circadian-desynchrony.md
[DRY] → /Users/apple/Downloads/nutritioncolours/src/content/locations/ambasa-metabolic-syndrome.md
[DRY] → /Users/apple/Downloads/nutritioncolours/src/content/locations/ampinagar-type-2-diabetes.md
[DRY] → /Users/apple/Downloads/nutritioncolours/src/content/locations/ampinagar-dyslipidemia.md
[DRY] → /Users/apple/Downloads/nutritioncolours/src/content/locations/ampinagar-pcodpcos.md
[DRY] → /Users/apple/Downloads/nutritioncolours/src/content/locations/ampinagar-circadian-desynchrony.md
[DRY] → /Users/apple/Downloads/nutritioncolours/src/content/locations/anandpur-insulin-resistance.md
[DRY] → /Users/apple/Downloads/nutritioncolours/src/content/locations/anandpur-dyslipidemia.md
[DRY] → /Users/apple/Downloads/nutritioncolours/src/content/locations/anandpur-pcodpcos.md
[DRY] → /Users/apple/Downloads/nutritioncolours/src/content/locations/arundatinagar-hypertension.md
[DRY] → /Users/apple/Downloads/nutritioncolours/src/content/locations/arundatinagar-insulin-resistance.md
[DRY] → /Users/apple/Downloads/nutritioncolours/src/content/locations/arundatinagar-thyroid-dysregulation.md
[DRY] → /Users/apple/Downloads/nutritioncolours/src/content/locations/baghma-obesity.md
[DRY] → /Users/apple/Downloads/nutritioncolours/src/content/locations/baghma-pcodpcos.md
[DRY] → /Users/apple/Downloads/nutritioncolours/src/content/locations/baghma-metabolic-syndrome.md
[DRY] → /Users/apple/Downloads/nutritioncolours/src/content/locations/bokshanagar-type-2-diabetes.md
[DRY] → /Users/apple/Downloads/nutritioncolours/src/content/locations/bokshanagar-hypertension.md
[DRY] → /Users/apple/Downloads/nutritioncolours/src/content/locations/bokshanagar-thyroid-dysregulation.md
[DRY] → /Users/apple/Downloads/nutritioncolours/src/content/locations/bokshanagar-fatty-liver.md
[DRY] → /Users/apple/Downloads/nutritioncolours/src/content/locations/bolomia-insulin-resistance.md
[DRY] → /Users/apple/Downloads/nutritioncolours/src/content/locations/bolomia-fatty-liver.md
[DRY] → /Users/apple/Downloads/nutritioncolours/src/content/locations/bolomia-circadian-desynchrony.md
[DRY] → /Users/apple/Downloads/nutritioncolours/src/content/locations/chandrapur-type-2-diabetes.md
[DRY] → /Users/apple/Downloads/nutritioncolours/src/content/locations/chandrapur-hypertension.md
[DRY] → /Users/apple/Downloads/nutritioncolours/src/content/locations/chandrapur-thyroid-dysregulation.md
[DRY] → /Users/apple/Downloads/nutritioncolours/src/content/locations/chareelum-obesity.md
[DRY] → /Users/apple/Downloads/nutritioncolours/src/content/locations/chareelum-dyslipidemia.md
[DRY] → /Users/apple/Downloads/nutritioncolours/src/content/locations/chareelum-thyroid-dysregulation.md
[DRY] → /Users/apple/Downloads/nutritioncolours/src/content/locations/chareelum-metabolic-syndrome.md
[DRY] → /Users/apple/Downloads/nutritioncolours/src/content/locations/dharamnagar-gpo-insulin-resistance.md
[DRY] → /Users/apple/Downloads/nutritioncolours/src/content/locations/dharamnagar-gpo-thyroid-dysregulation.md
[DRY] → /Users/apple/Downloads/nutritioncolours/src/content/locations/dharamnagar-gpo-metabolic-syndrome.md
[DRY] → /Users/apple/Downloads/nutritioncolours/src/content/locations/kadamtala-hypertension.md
[DRY] → /Users/apple/Downloads/nutritioncolours/src/content/locations/kadamtala-insulin-resistance.md
[DRY] → /Users/apple/Downloads/nutritioncolours/src/content/locations/kadamtala-circadian-desynchrony.md
[DRY] → /Users/apple/Downloads/nutritioncolours/src/content/locations/kadamtala-metabolic-syndrome.md
[DRY] → /Users/apple/Downloads/nutritioncolours/src/content/locations/kailashahar-insulin-resistance.md
[DRY] → /Users/apple/Downloads/nutritioncolours/src/content/locations/kailashahar-dyslipidemia.md
[DRY] → /Users/apple/Downloads/nutritioncolours/src/content/locations/kailashahar-circadian-desynchrony.md
[DRY] → /Users/apple/Downloads/nutritioncolours/src/content/locations/kalyanpur-type-2-diabetes.md
[DRY] → /Users/apple/Downloads/nutritioncolours/src/content/locations/kalyanpur-thyroid-dysregulation.md
[DRY] → /Users/apple/Downloads/nutritioncolours/src/content/locations/kalyanpur-circadian-desynchrony.md
[DRY] → /Users/apple/Downloads/nutritioncolours/src/content/locations/kamalghat-type-2-diabetes.md
[DRY] → /Users/apple/Downloads/nutritioncolours/src/content/locations/kamalghat-hypertension.md
[DRY] → /Users/apple/Downloads/nutritioncolours/src/content/locations/kamalghat-dyslipidemia.md
[DRY] → /Users/apple/Downloads/nutritioncolours/src/content/locations/kamalghat-thyroid-dysregulation.md
[DRY] → /Users/apple/Downloads/nutritioncolours/src/content/locations/kamalpur-dyslipidemia.md
[DRY] → /Users/apple/Downloads/nutritioncolours/src/content/locations/kamalpur-circadian-desynchrony.md
[DRY] → /Users/apple/Downloads/nutritioncolours/src/content/locations/kamalpur-metabolic-syndrome.md
[DRY] → /Users/apple/Downloads/nutritioncolours/src/content/locations/kanchanbadi-type-2-diabetes.md
[DRY] → /Users/apple/Downloads/nutritioncolours/src/content/locations/kanchanbadi-obesity.md
[DRY] → /Users/apple/Downloads/nutritioncolours/src/content/locations/kanchanbadi-insulin-resistance.md
[DRY] → /Users/apple/Downloads/nutritioncolours/src/content/locations/kanchanbadi-pcodpcos.md
[DRY] → /Users/apple/Downloads/nutritioncolours/src/content/locations/kanchanpur-insulin-resistance.md
[DRY] → /Users/apple/Downloads/nutritioncolours/src/content/locations/kanchanpur-dyslipidemia.md
[DRY] → /Users/apple/Downloads/nutritioncolours/src/content/locations/kanchanpur-pcodpcos.md
[DRY] → /Users/apple/Downloads/nutritioncolours/src/content/locations/kanchanpur-metabolic-syndrome.md
[DRY] → /Users/apple/Downloads/nutritioncolours/src/content/locations/kathali-hypertension.md
[DRY] → /Users/apple/Downloads/nutritioncolours/src/content/locations/kathali-thyroid-dysregulation.md
[DRY] → /Users/apple/Downloads/nutritioncolours/src/content/locations/kathali-fatty-liver.md
[DRY] → /Users/apple/Downloads/nutritioncolours/src/content/locations/khayerpur-insulin-resistance.md
[DRY] → /Users/apple/Downloads/nutritioncolours/src/content/locations/khayerpur-dyslipidemia.md
[DRY] → /Users/apple/Downloads/nutritioncolours/src/content/locations/khayerpur-metabolic-syndrome.md
[DRY] → /Users/apple/Downloads/nutritioncolours/src/content/locations/khowai-dyslipidemia.md
[DRY] → /Users/apple/Downloads/nutritioncolours/src/content/locations/khowai-circadian-desynchrony.md
[DRY] → /Users/apple/Downloads/nutritioncolours/src/content/locations/khowai-metabolic-syndrome.md
[DRY] → /Users/apple/Downloads/nutritioncolours/src/content/locations/kuli-bazar-type-2-diabetes.md
[DRY] → /Users/apple/Downloads/nutritioncolours/src/content/locations/kuli-bazar-obesity.md
[DRY] → /Users/apple/Downloads/nutritioncolours/src/content/locations/kuli-bazar-dyslipidemia.md
[DRY] → /Users/apple/Downloads/nutritioncolours/src/content/locations/kumar-ghat-dyslipidemia.md
[DRY] → /Users/apple/Downloads/nutritioncolours/src/content/locations/kumar-ghat-pcodpcos.md
[DRY] → /Users/apple/Downloads/nutritioncolours/src/content/locations/kumar-ghat-fatty-liver.md
[DRY] → /Users/apple/Downloads/nutritioncolours/src/content/locations/kumar-ghat-circadian-desynchrony.md
[DRY] → /Users/apple/Downloads/nutritioncolours/src/content/locations/kunjvan-hypertension.md
[DRY] → /Users/apple/Downloads/nutritioncolours/src/content/locations/kunjvan-insulin-resistance.md
[DRY] → /Users/apple/Downloads/nutritioncolours/src/content/locations/kunjvan-dyslipidemia.md
[DRY] → /Users/apple/Downloads/nutritioncolours/src/content/locations/makshmara-obesity.md
[DRY] → /Users/apple/Downloads/nutritioncolours/src/content/locations/makshmara-insulin-resistance.md
[DRY] → /Users/apple/Downloads/nutritioncolours/src/content/locations/makshmara-dyslipidemia.md
[DRY] → /Users/apple/Downloads/nutritioncolours/src/content/locations/makshmara-pcodpcos.md
[DRY] → /Users/apple/Downloads/nutritioncolours/src/content/locations/makshmara-fatty-liver.md
[DRY] → /Users/apple/Downloads/nutritioncolours/src/content/locations/manubazar-type-2-diabetes.md
[DRY] → /Users/apple/Downloads/nutritioncolours/src/content/locations/manubazar-insulin-resistance.md
[DRY] → /Users/apple/Downloads/nutritioncolours/src/content/locations/manubazar-pcodpcos.md
[DRY] → /Users/apple/Downloads/nutritioncolours/src/content/locations/manubazar-circadian-desynchrony.md
[DRY] → /Users/apple/Downloads/nutritioncolours/src/content/locations/manughat-hypertension.md
[DRY] → /Users/apple/Downloads/nutritioncolours/src/content/locations/manughat-circadian-desynchrony.md
[DRY] → /Users/apple/Downloads/nutritioncolours/src/content/locations/manughat-metabolic-syndrome.md
[DRY] → /Users/apple/Downloads/nutritioncolours/src/content/locations/mati-pcodpcos.md
[DRY] → /Users/apple/Downloads/nutritioncolours/src/content/locations/mati-thyroid-dysregulation.md
[DRY] → /Users/apple/Downloads/nutritioncolours/src/content/locations/mati-circadian-desynchrony.md
[DRY] → /Users/apple/Downloads/nutritioncolours/src/content/locations/melaghar-type-2-diabetes.md
[DRY] → /Users/apple/Downloads/nutritioncolours/src/content/locations/melaghar-hypertension.md
[DRY] → /Users/apple/Downloads/nutritioncolours/src/content/locations/melaghar-insulin-resistance.md
[DRY] → /Users/apple/Downloads/nutritioncolours/src/content/locations/melaghar-pcodpcos.md
[DRY] → /Users/apple/Downloads/nutritioncolours/src/content/locations/mohanpur-obesity.md
[DRY] → /Users/apple/Downloads/nutritioncolours/src/content/locations/mohanpur-insulin-resistance.md
[DRY] → /Users/apple/Downloads/nutritioncolours/src/content/locations/mohanpur-pcodpcos.md
[DRY] → /Users/apple/Downloads/nutritioncolours/src/content/locations/mohripur-dyslipidemia.md
[DRY] → /Users/apple/Downloads/nutritioncolours/src/content/locations/mohripur-pcodpcos.md
[DRY] → /Users/apple/Downloads/nutritioncolours/src/content/locations/mohripur-circadian-desynchrony.md
[DRY] → /Users/apple/Downloads/nutritioncolours/src/content/locations/mohripur-metabolic-syndrome.md
[DRY] → /Users/apple/Downloads/nutritioncolours/src/content/locations/paicharthal-hypertension.md
[DRY] → /Users/apple/Downloads/nutritioncolours/src/content/locations/paicharthal-insulin-resistance.md
[DRY] → /Users/apple/Downloads/nutritioncolours/src/content/locations/paicharthal-pcodpcos.md
[DRY] → /Users/apple/Downloads/nutritioncolours/src/content/locations/paicharthal-metabolic-syndrome.md
[DRY] → /Users/apple/Downloads/nutritioncolours/src/content/locations/paitur-bazar-dyslipidemia.md
[DRY] → /Users/apple/Downloads/nutritioncolours/src/content/locations/paitur-bazar-thyroid-dysregulation.md
[DRY] → /Users/apple/Downloads/nutritioncolours/src/content/locations/paitur-bazar-metabolic-syndrome.md
[DRY] → /Users/apple/Downloads/nutritioncolours/src/content/locations/pani-chowki-bazar-dyslipidemia.md
[DRY] → /Users/apple/Downloads/nutritioncolours/src/content/locations/pani-chowki-bazar-pcodpcos.md
[DRY] → /Users/apple/Downloads/nutritioncolours/src/content/locations/pani-chowki-bazar-fatty-liver.md
[DRY] → /Users/apple/Downloads/nutritioncolours/src/content/locations/pani-chowki-bazar-metabolic-syndrome.md
[DRY] → /Users/apple/Downloads/nutritioncolours/src/content/locations/pani-sagar-type-2-diabetes.md
[DRY] → /Users/apple/Downloads/nutritioncolours/src/content/locations/pani-sagar-insulin-resistance.md
[DRY] → /Users/apple/Downloads/nutritioncolours/src/content/locations/pani-sagar-thyroid-dysregulation.md
[DRY] → /Users/apple/Downloads/nutritioncolours/src/content/locations/phatikarai-hypertension.md
[DRY] → /Users/apple/Downloads/nutritioncolours/src/content/locations/phatikarai-pcodpcos.md
[DRY] → /Users/apple/Downloads/nutritioncolours/src/content/locations/phatikarai-thyroid-dysregulation.md
[DRY] → /Users/apple/Downloads/nutritioncolours/src/content/locations/phatikarai-fatty-liver.md
[DRY] → /Users/apple/Downloads/nutritioncolours/src/content/locations/phatikarai-circadian-desynchrony.md
[DRY] → /Users/apple/Downloads/nutritioncolours/src/content/locations/phatikchara-hypertension.md
[DRY] → /Users/apple/Downloads/nutritioncolours/src/content/locations/phatikchara-thyroid-dysregulation.md
[DRY] → /Users/apple/Downloads/nutritioncolours/src/content/locations/phatikchara-circadian-desynchrony.md
[DRY] → /Users/apple/Downloads/nutritioncolours/src/content/locations/phatikchara-metabolic-syndrome.md
[DRY] → /Users/apple/Downloads/nutritioncolours/src/content/locations/radhanagar-insulin-resistance.md
[DRY] → /Users/apple/Downloads/nutritioncolours/src/content/locations/radhanagar-dyslipidemia.md
[DRY] → /Users/apple/Downloads/nutritioncolours/src/content/locations/radhanagar-circadian-desynchrony.md
[DRY] → /Users/apple/Downloads/nutritioncolours/src/content/locations/rajnagar-hypertension.md
[DRY] → /Users/apple/Downloads/nutritioncolours/src/content/locations/rajnagar-insulin-resistance.md
[DRY] → /Users/apple/Downloads/nutritioncolours/src/content/locations/rajnagar-pcodpcos.md
[DRY] → /Users/apple/Downloads/nutritioncolours/src/content/locations/rajnagar-metabolic-syndrome.md
[DRY] → /Users/apple/Downloads/nutritioncolours/src/content/locations/ramnagar-obesity.md
[DRY] → /Users/apple/Downloads/nutritioncolours/src/content/locations/ramnagar-insulin-resistance.md
[DRY] → /Users/apple/Downloads/nutritioncolours/src/content/locations/ramnagar-thyroid-dysregulation.md
[DRY] → /Users/apple/Downloads/nutritioncolours/src/content/locations/ramnagar-circadian-desynchrony.md
[DRY] → /Users/apple/Downloads/nutritioncolours/src/content/locations/shabroom-type-2-diabetes.md
[DRY] → /Users/apple/Downloads/nutritioncolours/src/content/locations/shabroom-hypertension.md
[DRY] → /Users/apple/Downloads/nutritioncolours/src/content/locations/shabroom-pcodpcos.md
[DRY] → /Users/apple/Downloads/nutritioncolours/src/content/locations/shabroom-metabolic-syndrome.md
[DRY] → /Users/apple/Downloads/nutritioncolours/src/content/locations/shalima-type-2-diabetes.md
[DRY] → /Users/apple/Downloads/nutritioncolours/src/content/locations/shalima-hypertension.md
[DRY] → /Users/apple/Downloads/nutritioncolours/src/content/locations/shalima-insulin-resistance.md
[DRY] → /Users/apple/Downloads/nutritioncolours/src/content/locations/shalima-fatty-liver.md
[DRY] → /Users/apple/Downloads/nutritioncolours/src/content/locations/shatchand-type-2-diabetes.md
[DRY] → /Users/apple/Downloads/nutritioncolours/src/content/locations/shatchand-obesity.md
[DRY] → /Users/apple/Downloads/nutritioncolours/src/content/locations/shatchand-hypertension.md
[DRY] → /Users/apple/Downloads/nutritioncolours/src/content/locations/shatchand-thyroid-dysregulation.md
[DRY] → /Users/apple/Downloads/nutritioncolours/src/content/locations/simra-type-2-diabetes.md
[DRY] → /Users/apple/Downloads/nutritioncolours/src/content/locations/simra-hypertension.md
[DRY] → /Users/apple/Downloads/nutritioncolours/src/content/locations/simra-metabolic-syndrome.md
[DRY] → /Users/apple/Downloads/nutritioncolours/src/content/locations/sunamura-type-2-diabetes.md
[DRY] → /Users/apple/Downloads/nutritioncolours/src/content/locations/sunamura-hypertension.md
[DRY] → /Users/apple/Downloads/nutritioncolours/src/content/locations/sunamura-dyslipidemia.md
[DRY] → /Users/apple/Downloads/nutritioncolours/src/content/locations/sunamura-circadian-desynchrony.md
[DRY] → /Users/apple/Downloads/nutritioncolours/src/content/locations/telimura-type-2-diabetes.md
[DRY] → /Users/apple/Downloads/nutritioncolours/src/content/locations/telimura-hypertension.md
[DRY] → /Users/apple/Downloads/nutritioncolours/src/content/locations/telimura-fatty-liver.md
[DRY] → /Users/apple/Downloads/nutritioncolours/src/content/locations/tripuradam-chera-dyslipidemia.md
[DRY] → /Users/apple/Downloads/nutritioncolours/src/content/locations/tripuradam-chera-thyroid-dysregulation.md
[DRY] → /Users/apple/Downloads/nutritioncolours/src/content/locations/vimangad-type-2-diabetes.md
[DRY] → /Users/apple/Downloads/nutritioncolours/src/content/locations/vimangad-hypertension.md
[DRY] → /Users/apple/Downloads/nutritioncolours/src/content/locations/vimangad-fatty-liver.md
[DRY] → /Users/apple/Downloads/nutritioncolours/src/content/locations/agra-obesity.md
[DRY] → /Users/apple/Downloads/nutritioncolours/src/content/locations/agra-pcodpcos.md
[DRY] → /Users/apple/Downloads/nutritioncolours/src/content/locations/agra-fatty-liver.md
[DRY] → /Users/apple/Downloads/nutritioncolours/src/content/locations/agra-fort-type-2-diabetes.md
[DRY] → /Users/apple/Downloads/nutritioncolours/src/content/locations/agra-fort-dyslipidemia.md
[DRY] → /Users/apple/Downloads/nutritioncolours/src/content/locations/agra-fort-thyroid-dysregulation.md
[DRY] → /Users/apple/Downloads/nutritioncolours/src/content/locations/agra-fort-fatty-liver.md
[DRY] → /Users/apple/Downloads/nutritioncolours/src/content/locations/akbarpur-type-2-diabetes.md
[DRY] → /Users/apple/Downloads/nutritioncolours/src/content/locations/akbarpur-obesity.md
[DRY] → /Users/apple/Downloads/nutritioncolours/src/content/locations/akbarpur-thyroid-dysregulation.md
[DRY] → /Users/apple/Downloads/nutritioncolours/src/content/locations/aligarh-obesity.md
[DRY] → /Users/apple/Downloads/nutritioncolours/src/content/locations/aligarh-dyslipidemia.md
[DRY] → /Users/apple/Downloads/nutritioncolours/src/content/locations/aligarh-thyroid-dysregulation.md
[DRY] → /Users/apple/Downloads/nutritioncolours/src/content/locations/allahabad-thyroid-dysregulation.md
[DRY] → /Users/apple/Downloads/nutritioncolours/src/content/locations/allahabad-metabolic-syndrome.md
[DRY] → /Users/apple/Downloads/nutritioncolours/src/content/locations/allahabad-city-type-2-diabetes.md
[DRY] → /Users/apple/Downloads/nutritioncolours/src/content/locations/allahabad-city-thyroid-dysregulation.md
[DRY] → /Users/apple/Downloads/nutritioncolours/src/content/locations/allahabad-city-fatty-liver.md
[DRY] → /Users/apple/Downloads/nutritioncolours/src/content/locations/allahabad-city-metabolic-syndrome.md
[DRY] → /Users/apple/Downloads/nutritioncolours/src/content/locations/allahabad-kacheri-hypertension.md
[DRY] → /Users/apple/Downloads/nutritioncolours/src/content/locations/allahabad-kacheri-pcodpcos.md
[DRY] → /Users/apple/Downloads/nutritioncolours/src/content/locations/allahabad-kacheri-fatty-liver.md
[DRY] → /Users/apple/Downloads/nutritioncolours/src/content/locations/allahabad-kacheri-metabolic-syndrome.md
[DRY] → /Users/apple/Downloads/nutritioncolours/src/content/locations/almora-hypertension.md
[DRY] → /Users/apple/Downloads/nutritioncolours/src/content/locations/almora-insulin-resistance.md
[DRY] → /Users/apple/Downloads/nutritioncolours/src/content/locations/almora-dyslipidemia.md
[DRY] → /Users/apple/Downloads/nutritioncolours/src/content/locations/almora-metabolic-syndrome.md
[DRY] → /Users/apple/Downloads/nutritioncolours/src/content/locations/auraiya-type-2-diabetes.md
[DRY] → /Users/apple/Downloads/nutritioncolours/src/content/locations/auraiya-hypertension.md
[DRY] → /Users/apple/Downloads/nutritioncolours/src/content/locations/auraiya-metabolic-syndrome.md
[DRY] → /Users/apple/Downloads/nutritioncolours/src/content/locations/azamgarh-type-2-diabetes.md
[DRY] → /Users/apple/Downloads/nutritioncolours/src/content/locations/azamgarh-hypertension.md
[DRY] → /Users/apple/Downloads/nutritioncolours/src/content/locations/azamgarh-dyslipidemia.md
[DRY] → /Users/apple/Downloads/nutritioncolours/src/content/locations/bahraich-type-2-diabetes.md
[DRY] → /Users/apple/Downloads/nutritioncolours/src/content/locations/bahraich-obesity.md
[DRY] → /Users/apple/Downloads/nutritioncolours/src/content/locations/bahraich-thyroid-dysregulation.md
[DRY] → /Users/apple/Downloads/nutritioncolours/src/content/locations/ballia-insulin-resistance.md
[DRY] → /Users/apple/Downloads/nutritioncolours/src/content/locations/ballia-pcodpcos.md
[DRY] → /Users/apple/Downloads/nutritioncolours/src/content/locations/ballia-fatty-liver.md
[DRY] → /Users/apple/Downloads/nutritioncolours/src/content/locations/balrampur-insulin-resistance.md
[DRY] → /Users/apple/Downloads/nutritioncolours/src/content/locations/balrampur-pcodpcos.md
[DRY] → /Users/apple/Downloads/nutritioncolours/src/content/locations/balrampur-fatty-liver.md
[DRY] → /Users/apple/Downloads/nutritioncolours/src/content/locations/balrampur-metabolic-syndrome.md
[DRY] → /Users/apple/Downloads/nutritioncolours/src/content/locations/banda-hypertension.md
[DRY] → /Users/apple/Downloads/nutritioncolours/src/content/locations/banda-dyslipidemia.md
[DRY] → /Users/apple/Downloads/nutritioncolours/src/content/locations/banda-pcodpcos.md
[DRY] → /Users/apple/Downloads/nutritioncolours/src/content/locations/banda-thyroid-dysregulation.md
[DRY] → /Users/apple/Downloads/nutritioncolours/src/content/locations/bansi-insulin-resistance.md
[DRY] → /Users/apple/Downloads/nutritioncolours/src/content/locations/bansi-pcodpcos.md
[DRY] → /Users/apple/Downloads/nutritioncolours/src/content/locations/bansi-thyroid-dysregulation.md
[DRY] → /Users/apple/Downloads/nutritioncolours/src/content/locations/barabanki-obesity.md
[DRY] → /Users/apple/Downloads/nutritioncolours/src/content/locations/barabanki-insulin-resistance.md
[DRY] → /Users/apple/Downloads/nutritioncolours/src/content/locations/barabanki-dyslipidemia.md
[DRY] → /Users/apple/Downloads/nutritioncolours/src/content/locations/baraut-type-2-diabetes.md
[DRY] → /Users/apple/Downloads/nutritioncolours/src/content/locations/baraut-hypertension.md
[DRY] → /Users/apple/Downloads/nutritioncolours/src/content/locations/baraut-dyslipidemia.md
[DRY] → /Users/apple/Downloads/nutritioncolours/src/content/locations/baraut-fatty-liver.md
[DRY] → /Users/apple/Downloads/nutritioncolours/src/content/locations/bareilly-dyslipidemia.md
[DRY] → /Users/apple/Downloads/nutritioncolours/src/content/locations/bareilly-pcodpcos.md
[DRY] → /Users/apple/Downloads/nutritioncolours/src/content/locations/bareilly-thyroid-dysregulation.md
[DRY] → /Users/apple/Downloads/nutritioncolours/src/content/locations/bareilly-circadian-desynchrony.md
[DRY] → /Users/apple/Downloads/nutritioncolours/src/content/locations/basti-type-2-diabetes.md
[DRY] → /Users/apple/Downloads/nutritioncolours/src/content/locations/basti-hypertension.md
[DRY] → /Users/apple/Downloads/nutritioncolours/src/content/locations/basti-fatty-liver.md
[DRY] → /Users/apple/Downloads/nutritioncolours/src/content/locations/basti-circadian-desynchrony.md
[DRY] → /Users/apple/Downloads/nutritioncolours/src/content/locations/bijnor-obesity.md
[DRY] → /Users/apple/Downloads/nutritioncolours/src/content/locations/bijnor-hypertension.md
[DRY] → /Users/apple/Downloads/nutritioncolours/src/content/locations/bijnor-dyslipidemia.md
[DRY] → /Users/apple/Downloads/nutritioncolours/src/content/locations/bijnor-pcodpcos.md
[DRY] → /Users/apple/Downloads/nutritioncolours/src/content/locations/budaun-type-2-diabetes.md
[DRY] → /Users/apple/Downloads/nutritioncolours/src/content/locations/budaun-hypertension.md
[DRY] → /Users/apple/Downloads/nutritioncolours/src/content/locations/budaun-dyslipidemia.md
[DRY] → /Users/apple/Downloads/nutritioncolours/src/content/locations/budaun-pcodpcos.md
[DRY] → /Users/apple/Downloads/nutritioncolours/src/content/locations/budaun-circadian-desynchrony.md
[DRY] → /Users/apple/Downloads/nutritioncolours/src/content/locations/bulandshahar-obesity.md
[DRY] → /Users/apple/Downloads/nutritioncolours/src/content/locations/bulandshahar-insulin-resistance.md
[DRY] → /Users/apple/Downloads/nutritioncolours/src/content/locations/bulandshahar-dyslipidemia.md
[DRY] → /Users/apple/Downloads/nutritioncolours/src/content/locations/bulandshahar-circadian-desynchrony.md
[DRY] → /Users/apple/Downloads/nutritioncolours/src/content/locations/dehradun-insulin-resistance.md
[DRY] → /Users/apple/Downloads/nutritioncolours/src/content/locations/dehradun-pcodpcos.md
[DRY] → /Users/apple/Downloads/nutritioncolours/src/content/locations/dehradun-metabolic-syndrome.md
[DRY] → /Users/apple/Downloads/nutritioncolours/src/content/locations/dehradun-cantt-type-2-diabetes.md
[DRY] → /Users/apple/Downloads/nutritioncolours/src/content/locations/dehradun-cantt-hypertension.md
[DRY] → /Users/apple/Downloads/nutritioncolours/src/content/locations/dehradun-cantt-dyslipidemia.md
[DRY] → /Users/apple/Downloads/nutritioncolours/src/content/locations/deoria-type-2-diabetes.md
[DRY] → /Users/apple/Downloads/nutritioncolours/src/content/locations/deoria-hypertension.md
[DRY] → /Users/apple/Downloads/nutritioncolours/src/content/locations/deoria-fatty-liver.md
[DRY] → /Users/apple/Downloads/nutritioncolours/src/content/locations/dhampur-type-2-diabetes.md
[DRY] → /Users/apple/Downloads/nutritioncolours/src/content/locations/dhampur-insulin-resistance.md
[DRY] → /Users/apple/Downloads/nutritioncolours/src/content/locations/dhampur-pcodpcos.md
[DRY] → /Users/apple/Downloads/nutritioncolours/src/content/locations/dhampur-fatty-liver.md
[DRY] → /Users/apple/Downloads/nutritioncolours/src/content/locations/etah-type-2-diabetes.md
[DRY] → /Users/apple/Downloads/nutritioncolours/src/content/locations/etah-insulin-resistance.md
[DRY] → /Users/apple/Downloads/nutritioncolours/src/content/locations/etah-metabolic-syndrome.md
[DRY] → /Users/apple/Downloads/nutritioncolours/src/content/locations/etawah-insulin-resistance.md
[DRY] → /Users/apple/Downloads/nutritioncolours/src/content/locations/etawah-pcodpcos.md
[DRY] → /Users/apple/Downloads/nutritioncolours/src/content/locations/etawah-thyroid-dysregulation.md
[DRY] → /Users/apple/Downloads/nutritioncolours/src/content/locations/faizabad-dyslipidemia.md
[DRY] → /Users/apple/Downloads/nutritioncolours/src/content/locations/faizabad-pcodpcos.md
[DRY] → /Users/apple/Downloads/nutritioncolours/src/content/locations/faizabad-thyroid-dysregulation.md
[DRY] → /Users/apple/Downloads/nutritioncolours/src/content/locations/faizabad-metabolic-syndrome.md
[DRY] → /Users/apple/Downloads/nutritioncolours/src/content/locations/fatehgarh-type-2-diabetes.md
[DRY] → /Users/apple/Downloads/nutritioncolours/src/content/locations/fatehgarh-thyroid-dysregulation.md
[DRY] → /Users/apple/Downloads/nutritioncolours/src/content/locations/fatehpur-pcodpcos.md
[DRY] → /Users/apple/Downloads/nutritioncolours/src/content/locations/fatehpur-thyroid-dysregulation.md
[DRY] → /Users/apple/Downloads/nutritioncolours/src/content/locations/fatehpur-fatty-liver.md
[DRY] → /Users/apple/Downloads/nutritioncolours/src/content/locations/fatehpur-metabolic-syndrome.md
[DRY] → /Users/apple/Downloads/nutritioncolours/src/content/locations/firozabad-type-2-diabetes.md
[DRY] → /Users/apple/Downloads/nutritioncolours/src/content/locations/firozabad-hypertension.md
[DRY] → /Users/apple/Downloads/nutritioncolours/src/content/locations/firozabad-thyroid-dysregulation.md
[DRY] → /Users/apple/Downloads/nutritioncolours/src/content/locations/ghaziabad-type-2-diabetes.md
[DRY] → /Users/apple/Downloads/nutritioncolours/src/content/locations/ghaziabad-obesity.md
[DRY] → /Users/apple/Downloads/nutritioncolours/src/content/locations/ghaziabad-metabolic-syndrome.md
[DRY] → /Users/apple/Downloads/nutritioncolours/src/content/locations/ghazipur-pcodpcos.md
[DRY] → /Users/apple/Downloads/nutritioncolours/src/content/locations/ghazipur-fatty-liver.md
[DRY] → /Users/apple/Downloads/nutritioncolours/src/content/locations/ghazipur-metabolic-syndrome.md
[DRY] → /Users/apple/Downloads/nutritioncolours/src/content/locations/gonda-type-2-diabetes.md
[DRY] → /Users/apple/Downloads/nutritioncolours/src/content/locations/gonda-pcodpcos.md
[DRY] → /Users/apple/Downloads/nutritioncolours/src/content/locations/gonda-thyroid-dysregulation.md
[DRY] → /Users/apple/Downloads/nutritioncolours/src/content/locations/gonda-circadian-desynchrony.md
[DRY] → /Users/apple/Downloads/nutritioncolours/src/content/locations/gopeshwar-type-2-diabetes.md
[DRY] → /Users/apple/Downloads/nutritioncolours/src/content/locations/gopeshwar-obesity.md
[DRY] → /Users/apple/Downloads/nutritioncolours/src/content/locations/gopeshwar-hypertension.md
[DRY] → /Users/apple/Downloads/nutritioncolours/src/content/locations/gopeshwar-dyslipidemia.md
[DRY] → /Users/apple/Downloads/nutritioncolours/src/content/locations/gorakhpur-type-2-diabetes.md
[DRY] → /Users/apple/Downloads/nutritioncolours/src/content/locations/gorakhpur-obesity.md
[DRY] → /Users/apple/Downloads/nutritioncolours/src/content/locations/gorakhpur-dyslipidemia.md
[DRY] → /Users/apple/Downloads/nutritioncolours/src/content/locations/gorakhpur-thyroid-dysregulation.md
[DRY] → /Users/apple/Downloads/nutritioncolours/src/content/locations/haldwani-hypertension.md
[DRY] → /Users/apple/Downloads/nutritioncolours/src/content/locations/haldwani-insulin-resistance.md
[DRY] → /Users/apple/Downloads/nutritioncolours/src/content/locations/haldwani-dyslipidemia.md
[DRY] → /Users/apple/Downloads/nutritioncolours/src/content/locations/hamirpur-thyroid-dysregulation.md
[DRY] → /Users/apple/Downloads/nutritioncolours/src/content/locations/hamirpur-fatty-liver.md
[DRY] → /Users/apple/Downloads/nutritioncolours/src/content/locations/hapur-obesity.md
[DRY] → /Users/apple/Downloads/nutritioncolours/src/content/locations/hapur-pcodpcos.md
[DRY] → /Users/apple/Downloads/nutritioncolours/src/content/locations/hapur-thyroid-dysregulation.md
[DRY] → /Users/apple/Downloads/nutritioncolours/src/content/locations/hardoi-dyslipidemia.md
[DRY] → /Users/apple/Downloads/nutritioncolours/src/content/locations/hardoi-pcodpcos.md
[DRY] → /Users/apple/Downloads/nutritioncolours/src/content/locations/kanpur-type-2-diabetes.md
[DRY] → /Users/apple/Downloads/nutritioncolours/src/content/locations/kanpur-obesity.md
[DRY] → /Users/apple/Downloads/nutritioncolours/src/content/locations/kanpur-insulin-resistance.md
[DRY] → /Users/apple/Downloads/nutritioncolours/src/content/locations/kanpur-dyslipidemia.md
[DRY] → /Users/apple/Downloads/nutritioncolours/src/content/locations/kanpur-circadian-desynchrony.md
[DRY] → /Users/apple/Downloads/nutritioncolours/src/content/locations/kanpur-cantt-type-2-diabetes.md
[DRY] → /Users/apple/Downloads/nutritioncolours/src/content/locations/kanpur-cantt-obesity.md
[DRY] → /Users/apple/Downloads/nutritioncolours/src/content/locations/kanpur-cantt-metabolic-syndrome.md
[DRY] → /Users/apple/Downloads/nutritioncolours/src/content/locations/kheri-hypertension.md
[DRY] → /Users/apple/Downloads/nutritioncolours/src/content/locations/kheri-circadian-desynchrony.md
[DRY] → /Users/apple/Downloads/nutritioncolours/src/content/locations/khurja-obesity.md
[DRY] → /Users/apple/Downloads/nutritioncolours/src/content/locations/khurja-hypertension.md
[DRY] → /Users/apple/Downloads/nutritioncolours/src/content/locations/khurja-dyslipidemia.md
[DRY] → /Users/apple/Downloads/nutritioncolours/src/content/locations/khurja-pcodpcos.md
[DRY] → /Users/apple/Downloads/nutritioncolours/src/content/locations/khurja-thyroid-dysregulation.md
[DRY] → /Users/apple/Downloads/nutritioncolours/src/content/locations/kunraghat-type-2-diabetes.md
[DRY] → /Users/apple/Downloads/nutritioncolours/src/content/locations/kunraghat-hypertension.md
[DRY] → /Users/apple/Downloads/nutritioncolours/src/content/locations/kunraghat-thyroid-dysregulation.md
[DRY] → /Users/apple/Downloads/nutritioncolours/src/content/locations/kunraghat-circadian-desynchrony.md
[DRY] → /Users/apple/Downloads/nutritioncolours/src/content/locations/kunraghat-metabolic-syndrome.md
[DRY] → /Users/apple/Downloads/nutritioncolours/src/content/locations/lalganj-type-2-diabetes.md
[DRY] → /Users/apple/Downloads/nutritioncolours/src/content/locations/lalganj-dyslipidemia.md
[DRY] → /Users/apple/Downloads/nutritioncolours/src/content/locations/lalganj-circadian-desynchrony.md
[DRY] → /Users/apple/Downloads/nutritioncolours/src/content/locations/lalitpur-hypertension.md
[DRY] → /Users/apple/Downloads/nutritioncolours/src/content/locations/lalitpur-pcodpcos.md
[DRY] → /Users/apple/Downloads/nutritioncolours/src/content/locations/lalitpur-circadian-desynchrony.md
[DRY] → /Users/apple/Downloads/nutritioncolours/src/content/locations/landsdowne-obesity.md
[DRY] → /Users/apple/Downloads/nutritioncolours/src/content/locations/landsdowne-pcodpcos.md
[DRY] → /Users/apple/Downloads/nutritioncolours/src/content/locations/lucknow-chowk-type-2-diabetes.md
[DRY] → /Users/apple/Downloads/nutritioncolours/src/content/locations/lucknow-chowk-hypertension.md
[DRY] → /Users/apple/Downloads/nutritioncolours/src/content/locations/lucknow-chowk-dyslipidemia.md
[DRY] → /Users/apple/Downloads/nutritioncolours/src/content/locations/lucknow-chowk-metabolic-syndrome.md
[DRY] → /Users/apple/Downloads/nutritioncolours/src/content/locations/lucknow-gpo-type-2-diabetes.md
[DRY] → /Users/apple/Downloads/nutritioncolours/src/content/locations/lucknow-gpo-obesity.md
[DRY] → /Users/apple/Downloads/nutritioncolours/src/content/locations/lucknow-gpo-insulin-resistance.md
[DRY] → /Users/apple/Downloads/nutritioncolours/src/content/locations/lucknow-gpo-pcodpcos.md
[DRY] → /Users/apple/Downloads/nutritioncolours/src/content/locations/lucknow-gpo-metabolic-syndrome.md
[DRY] → /Users/apple/Downloads/nutritioncolours/src/content/locations/madhobewala-obesity.md
[DRY] → /Users/apple/Downloads/nutritioncolours/src/content/locations/madhobewala-hypertension.md
[DRY] → /Users/apple/Downloads/nutritioncolours/src/content/locations/mainpuri-obesity.md
[DRY] → /Users/apple/Downloads/nutritioncolours/src/content/locations/mainpuri-insulin-resistance.md
[DRY] → /Users/apple/Downloads/nutritioncolours/src/content/locations/mainpuri-dyslipidemia.md
[DRY] → /Users/apple/Downloads/nutritioncolours/src/content/locations/mainpuri-metabolic-syndrome.md
[DRY] → /Users/apple/Downloads/nutritioncolours/src/content/locations/mathura-obesity.md
[DRY] → /Users/apple/Downloads/nutritioncolours/src/content/locations/mathura-thyroid-dysregulation.md
[DRY] → /Users/apple/Downloads/nutritioncolours/src/content/locations/mathura-fatty-liver.md
[DRY] → /Users/apple/Downloads/nutritioncolours/src/content/locations/mathura-circadian-desynchrony.md
[DRY] → /Users/apple/Downloads/nutritioncolours/src/content/locations/mau-nath-bhanjan-type-2-diabetes.md
[DRY] → /Users/apple/Downloads/nutritioncolours/src/content/locations/mau-nath-bhanjan-dyslipidemia.md
[DRY] → /Users/apple/Downloads/nutritioncolours/src/content/locations/mau-nath-bhanjan-pcodpcos.md
[DRY] → /Users/apple/Downloads/nutritioncolours/src/content/locations/meerut-insulin-resistance.md
[DRY] → /Users/apple/Downloads/nutritioncolours/src/content/locations/meerut-circadian-desynchrony.md
[DRY] → /Users/apple/Downloads/nutritioncolours/src/content/locations/meerut-city-insulin-resistance.md
[DRY] → /Users/apple/Downloads/nutritioncolours/src/content/locations/meerut-city-pcodpcos.md
[DRY] → /Users/apple/Downloads/nutritioncolours/src/content/locations/meerut-city-thyroid-dysregulation.md
[DRY] → /Users/apple/Downloads/nutritioncolours/src/content/locations/meerut-city-fatty-liver.md
[DRY] → /Users/apple/Downloads/nutritioncolours/src/content/locations/mirzapur-type-2-diabetes.md
[DRY] → /Users/apple/Downloads/nutritioncolours/src/content/locations/mirzapur-obesity.md
[DRY] → /Users/apple/Downloads/nutritioncolours/src/content/locations/mirzapur-hypertension.md
[DRY] → /Users/apple/Downloads/nutritioncolours/src/content/locations/moradabad-hypertension.md
[DRY] → /Users/apple/Downloads/nutritioncolours/src/content/locations/moradabad-dyslipidemia.md
[DRY] → /Users/apple/Downloads/nutritioncolours/src/content/locations/moradabad-pcodpcos.md
[DRY] → /Users/apple/Downloads/nutritioncolours/src/content/locations/moradabad-thyroid-dysregulation.md
[DRY] → /Users/apple/Downloads/nutritioncolours/src/content/locations/muzaffarnagar-type-2-diabetes.md
[DRY] → /Users/apple/Downloads/nutritioncolours/src/content/locations/muzaffarnagar-hypertension.md
[DRY] → /Users/apple/Downloads/nutritioncolours/src/content/locations/muzaffarnagar-pcodpcos.md
[DRY] → /Users/apple/Downloads/nutritioncolours/src/content/locations/muzaffarnagar-fatty-liver.md
[DRY] → /Users/apple/Downloads/nutritioncolours/src/content/locations/muzaffarnagar-circadian-desynchrony.md
[DRY] → /Users/apple/Downloads/nutritioncolours/src/content/locations/nainital-dyslipidemia.md
[DRY] → /Users/apple/Downloads/nutritioncolours/src/content/locations/nainital-pcodpcos.md
[DRY] → /Users/apple/Downloads/nutritioncolours/src/content/locations/nainital-thyroid-dysregulation.md
[DRY] → /Users/apple/Downloads/nutritioncolours/src/content/locations/nawabganj-type-2-diabetes.md
[DRY] → /Users/apple/Downloads/nutritioncolours/src/content/locations/nawabganj-hypertension.md
[DRY] → /Users/apple/Downloads/nutritioncolours/src/content/locations/nawabganj-insulin-resistance.md
[DRY] → /Users/apple/Downloads/nutritioncolours/src/content/locations/nawabganj-metabolic-syndrome.md
[DRY] → /Users/apple/Downloads/nutritioncolours/src/content/locations/orai-obesity.md
[DRY] → /Users/apple/Downloads/nutritioncolours/src/content/locations/orai-thyroid-dysregulation.md
[DRY] → /Users/apple/Downloads/nutritioncolours/src/content/locations/orai-circadian-desynchrony.md
[DRY] → /Users/apple/Downloads/nutritioncolours/src/content/locations/orai-metabolic-syndrome.md
[DRY] → /Users/apple/Downloads/nutritioncolours/src/content/locations/padrauna-obesity.md
[DRY] → /Users/apple/Downloads/nutritioncolours/src/content/locations/padrauna-dyslipidemia.md
[DRY] → /Users/apple/Downloads/nutritioncolours/src/content/locations/padrauna-fatty-liver.md
[DRY] → /Users/apple/Downloads/nutritioncolours/src/content/locations/pauri-insulin-resistance.md
[DRY] → /Users/apple/Downloads/nutritioncolours/src/content/locations/pauri-dyslipidemia.md
[DRY] → /Users/apple/Downloads/nutritioncolours/src/content/locations/pauri-pcodpcos.md
[DRY] → /Users/apple/Downloads/nutritioncolours/src/content/locations/pilibhit-insulin-resistance.md
[DRY] → /Users/apple/Downloads/nutritioncolours/src/content/locations/pilibhit-dyslipidemia.md
[DRY] → /Users/apple/Downloads/nutritioncolours/src/content/locations/pilibhit-fatty-liver.md
[DRY] → /Users/apple/Downloads/nutritioncolours/src/content/locations/pithoragarh-insulin-resistance.md
[DRY] → /Users/apple/Downloads/nutritioncolours/src/content/locations/pithoragarh-pcodpcos.md
[DRY] → /Users/apple/Downloads/nutritioncolours/src/content/locations/pithoragarh-thyroid-dysregulation.md
[DRY] → /Users/apple/Downloads/nutritioncolours/src/content/locations/pithoragarh-fatty-liver.md
[DRY] → /Users/apple/Downloads/nutritioncolours/src/content/locations/pithoragarh-circadian-desynchrony.md
[DRY] → /Users/apple/Downloads/nutritioncolours/src/content/locations/pratapgarh-type-2-diabetes.md
[DRY] → /Users/apple/Downloads/nutritioncolours/src/content/locations/pratapgarh-obesity.md
[DRY] → /Users/apple/Downloads/nutritioncolours/src/content/locations/pratapgarh-insulin-resistance.md
[DRY] → /Users/apple/Downloads/nutritioncolours/src/content/locations/pratapgarh-pcodpcos.md
[DRY] → /Users/apple/Downloads/nutritioncolours/src/content/locations/pratapgarh-circadian-desynchrony.md
[DRY] → /Users/apple/Downloads/nutritioncolours/src/content/locations/rae-bareli-type-2-diabetes.md
[DRY] → /Users/apple/Downloads/nutritioncolours/src/content/locations/rae-bareli-dyslipidemia.md
[DRY] → /Users/apple/Downloads/nutritioncolours/src/content/locations/rae-bareli-metabolic-syndrome.md
[DRY] → /Users/apple/Downloads/nutritioncolours/src/content/locations/rampur-type-2-diabetes.md
[DRY] → /Users/apple/Downloads/nutritioncolours/src/content/locations/rampur-obesity.md
[DRY] → /Users/apple/Downloads/nutritioncolours/src/content/locations/rampur-insulin-resistance.md
[DRY] → /Users/apple/Downloads/nutritioncolours/src/content/locations/rampur-dyslipidemia.md
[DRY] → /Users/apple/Downloads/nutritioncolours/src/content/locations/rampur-circadian-desynchrony.md
[DRY] → /Users/apple/Downloads/nutritioncolours/src/content/locations/ranikhet-type-2-diabetes.md
[DRY] → /Users/apple/Downloads/nutritioncolours/src/content/locations/ranikhet-dyslipidemia.md
[DRY] → /Users/apple/Downloads/nutritioncolours/src/content/locations/ranikhet-circadian-desynchrony.md
[DRY] → /Users/apple/Downloads/nutritioncolours/src/content/locations/rasra-hypertension.md
[DRY] → /Users/apple/Downloads/nutritioncolours/src/content/locations/rasra-dyslipidemia.md
[DRY] → /Users/apple/Downloads/nutritioncolours/src/content/locations/roorkee-obesity.md
[DRY] → /Users/apple/Downloads/nutritioncolours/src/content/locations/roorkee-insulin-resistance.md
[DRY] → /Users/apple/Downloads/nutritioncolours/src/content/locations/roorkee-thyroid-dysregulation.md
[DRY] → /Users/apple/Downloads/nutritioncolours/src/content/locations/roorkee-circadian-desynchrony.md
[DRY] → /Users/apple/Downloads/nutritioncolours/src/content/locations/roorkee-metabolic-syndrome.md
[DRY] → /Users/apple/Downloads/nutritioncolours/src/content/locations/saharnpur-obesity.md
[DRY] → /Users/apple/Downloads/nutritioncolours/src/content/locations/saharnpur-insulin-resistance.md
[DRY] → /Users/apple/Downloads/nutritioncolours/src/content/locations/saharnpur-thyroid-dysregulation.md
[DRY] → /Users/apple/Downloads/nutritioncolours/src/content/locations/sandila-type-2-diabetes.md
[DRY] → /Users/apple/Downloads/nutritioncolours/src/content/locations/sandila-fatty-liver.md
[DRY] → /Users/apple/Downloads/nutritioncolours/src/content/locations/sandila-metabolic-syndrome.md
[DRY] → /Users/apple/Downloads/nutritioncolours/src/content/locations/shahjahanpur-pcodpcos.md
[DRY] → /Users/apple/Downloads/nutritioncolours/src/content/locations/shahjahanpur-thyroid-dysregulation.md
[DRY] → /Users/apple/Downloads/nutritioncolours/src/content/locations/shamli-hypertension.md
[DRY] → /Users/apple/Downloads/nutritioncolours/src/content/locations/shamli-dyslipidemia.md
[DRY] → /Users/apple/Downloads/nutritioncolours/src/content/locations/shamli-thyroid-dysregulation.md
[DRY] → /Users/apple/Downloads/nutritioncolours/src/content/locations/shamli-circadian-desynchrony.md
[DRY] → /Users/apple/Downloads/nutritioncolours/src/content/locations/sitapur-dyslipidemia.md
[DRY] → /Users/apple/Downloads/nutritioncolours/src/content/locations/sitapur-fatty-liver.md
[DRY] → /Users/apple/Downloads/nutritioncolours/src/content/locations/sultanpur-obesity.md
[DRY] → /Users/apple/Downloads/nutritioncolours/src/content/locations/sultanpur-insulin-resistance.md
[DRY] → /Users/apple/Downloads/nutritioncolours/src/content/locations/sultanpur-fatty-liver.md
[DRY] → /Users/apple/Downloads/nutritioncolours/src/content/locations/sultanpur-circadian-desynchrony.md
[DRY] → /Users/apple/Downloads/nutritioncolours/src/content/locations/tehri-dyslipidemia.md
[DRY] → /Users/apple/Downloads/nutritioncolours/src/content/locations/tehri-thyroid-dysregulation.md
[DRY] → /Users/apple/Downloads/nutritioncolours/src/content/locations/tehri-fatty-liver.md
[DRY] → /Users/apple/Downloads/nutritioncolours/src/content/locations/tehri-circadian-desynchrony.md
[DRY] → /Users/apple/Downloads/nutritioncolours/src/content/locations/unnao-obesity.md
[DRY] → /Users/apple/Downloads/nutritioncolours/src/content/locations/unnao-insulin-resistance.md
[DRY] → /Users/apple/Downloads/nutritioncolours/src/content/locations/unnao-fatty-liver.md
[DRY] → /Users/apple/Downloads/nutritioncolours/src/content/locations/varanasi-hypertension.md
[DRY] → /Users/apple/Downloads/nutritioncolours/src/content/locations/varanasi-dyslipidemia.md
[DRY] → /Users/apple/Downloads/nutritioncolours/src/content/locations/varanasi-fatty-liver.md
[DRY] → /Users/apple/Downloads/nutritioncolours/src/content/locations/varanasi-metabolic-syndrome.md
[DRY] → /Users/apple/Downloads/nutritioncolours/src/content/locations/zamania-hypertension.md
[DRY] → /Users/apple/Downloads/nutritioncolours/src/content/locations/zamania-dyslipidemia.md
[DRY] → /Users/apple/Downloads/nutritioncolours/src/content/locations/zamania-fatty-liver.md
[DRY] → /Users/apple/Downloads/nutritioncolours/src/content/locations/zamania-metabolic-syndrome.md
[DRY] → /Users/apple/Downloads/nutritioncolours/src/content/locations/amroha-pcodpcos.md
[DRY] → /Users/apple/Downloads/nutritioncolours/src/content/locations/amroha-fatty-liver.md
[DRY] → /Users/apple/Downloads/nutritioncolours/src/content/locations/amroha-circadian-desynchrony.md
[DRY] → /Users/apple/Downloads/nutritioncolours/src/content/locations/alipur-insulin-resistance.md
[DRY] → /Users/apple/Downloads/nutritioncolours/src/content/locations/alipur-fatty-liver.md
[DRY] → /Users/apple/Downloads/nutritioncolours/src/content/locations/alipur-circadian-desynchrony.md
[DRY] → /Users/apple/Downloads/nutritioncolours/src/content/locations/alipur-metabolic-syndrome.md
[DRY] → /Users/apple/Downloads/nutritioncolours/src/content/locations/arambagh-dyslipidemia.md
[DRY] → /Users/apple/Downloads/nutritioncolours/src/content/locations/arambagh-fatty-liver.md
[DRY] → /Users/apple/Downloads/nutritioncolours/src/content/locations/asansol-hypertension.md
[DRY] → /Users/apple/Downloads/nutritioncolours/src/content/locations/asansol-circadian-desynchrony.md
[DRY] → /Users/apple/Downloads/nutritioncolours/src/content/locations/balurghat-obesity.md
[DRY] → /Users/apple/Downloads/nutritioncolours/src/content/locations/bankura-dyslipidemia.md
[DRY] → /Users/apple/Downloads/nutritioncolours/src/content/locations/bankura-thyroid-dysregulation.md
[DRY] → /Users/apple/Downloads/nutritioncolours/src/content/locations/bankura-metabolic-syndrome.md
[DRY] → /Users/apple/Downloads/nutritioncolours/src/content/locations/barabazar-type-2-diabetes.md
[DRY] → /Users/apple/Downloads/nutritioncolours/src/content/locations/barabazar-obesity.md
[DRY] → /Users/apple/Downloads/nutritioncolours/src/content/locations/barabazar-dyslipidemia.md
[DRY] → /Users/apple/Downloads/nutritioncolours/src/content/locations/barabazar-metabolic-syndrome.md
[DRY] → /Users/apple/Downloads/nutritioncolours/src/content/locations/barasat-insulin-resistance.md
[DRY] → /Users/apple/Downloads/nutritioncolours/src/content/locations/barasat-dyslipidemia.md
[DRY] → /Users/apple/Downloads/nutritioncolours/src/content/locations/barasat-thyroid-dysregulation.md
[DRY] → /Users/apple/Downloads/nutritioncolours/src/content/locations/barrackpore-insulin-resistance.md
[DRY] → /Users/apple/Downloads/nutritioncolours/src/content/locations/barrackpore-pcodpcos.md
[DRY] → /Users/apple/Downloads/nutritioncolours/src/content/locations/barrackpore-circadian-desynchrony.md
[DRY] → /Users/apple/Downloads/nutritioncolours/src/content/locations/baruipur-hypertension.md
[DRY] → /Users/apple/Downloads/nutritioncolours/src/content/locations/baruipur-dyslipidemia.md
[DRY] → /Users/apple/Downloads/nutritioncolours/src/content/locations/baruipur-metabolic-syndrome.md
[DRY] → /Users/apple/Downloads/nutritioncolours/src/content/locations/basirhat-obesity.md
[DRY] → /Users/apple/Downloads/nutritioncolours/src/content/locations/basirhat-hypertension.md
[DRY] → /Users/apple/Downloads/nutritioncolours/src/content/locations/basirhat-thyroid-dysregulation.md
[DRY] → /Users/apple/Downloads/nutritioncolours/src/content/locations/basirhat-fatty-liver.md
[DRY] → /Users/apple/Downloads/nutritioncolours/src/content/locations/beleghata-type-2-diabetes.md
[DRY] → /Users/apple/Downloads/nutritioncolours/src/content/locations/beleghata-obesity.md
[DRY] → /Users/apple/Downloads/nutritioncolours/src/content/locations/beleghata-hypertension.md
[DRY] → /Users/apple/Downloads/nutritioncolours/src/content/locations/beleghata-pcodpcos.md
[DRY] → /Users/apple/Downloads/nutritioncolours/src/content/locations/belgharia-type-2-diabetes.md
[DRY] → /Users/apple/Downloads/nutritioncolours/src/content/locations/belgharia-hypertension.md
[DRY] → /Users/apple/Downloads/nutritioncolours/src/content/locations/belgharia-insulin-resistance.md
[DRY] → /Users/apple/Downloads/nutritioncolours/src/content/locations/belgharia-dyslipidemia.md
[DRY] → /Users/apple/Downloads/nutritioncolours/src/content/locations/belgharia-fatty-liver.md
[DRY] → /Users/apple/Downloads/nutritioncolours/src/content/locations/berhampur-insulin-resistance.md
[DRY] → /Users/apple/Downloads/nutritioncolours/src/content/locations/berhampur-pcodpcos.md
[DRY] → /Users/apple/Downloads/nutritioncolours/src/content/locations/berhampur-thyroid-dysregulation.md
[DRY] → /Users/apple/Downloads/nutritioncolours/src/content/locations/burdwan-circadian-desynchrony.md
[DRY] → /Users/apple/Downloads/nutritioncolours/src/content/locations/burdwan-metabolic-syndrome.md
[DRY] → /Users/apple/Downloads/nutritioncolours/src/content/locations/calcutta-gpo-type-2-diabetes.md
[DRY] → /Users/apple/Downloads/nutritioncolours/src/content/locations/calcutta-gpo-thyroid-dysregulation.md
[DRY] → /Users/apple/Downloads/nutritioncolours/src/content/locations/calcutta-gpo-circadian-desynchrony.md
[DRY] → /Users/apple/Downloads/nutritioncolours/src/content/locations/chinsurah-obesity.md
[DRY] → /Users/apple/Downloads/nutritioncolours/src/content/locations/chinsurah-hypertension.md
[DRY] → /Users/apple/Downloads/nutritioncolours/src/content/locations/chinsurah-fatty-liver.md
[DRY] → /Users/apple/Downloads/nutritioncolours/src/content/locations/chinsurah-metabolic-syndrome.md
[DRY] → /Users/apple/Downloads/nutritioncolours/src/content/locations/contai-type-2-diabetes.md
[DRY] → /Users/apple/Downloads/nutritioncolours/src/content/locations/contai-obesity.md
[DRY] → /Users/apple/Downloads/nutritioncolours/src/content/locations/contai-pcodpcos.md
[DRY] → /Users/apple/Downloads/nutritioncolours/src/content/locations/contai-circadian-desynchrony.md
[DRY] → /Users/apple/Downloads/nutritioncolours/src/content/locations/contai-metabolic-syndrome.md
[DRY] → /Users/apple/Downloads/nutritioncolours/src/content/locations/cooch-behar-hypertension.md
[DRY] → /Users/apple/Downloads/nutritioncolours/src/content/locations/cooch-behar-insulin-resistance.md
[DRY] → /Users/apple/Downloads/nutritioncolours/src/content/locations/cooch-behar-fatty-liver.md
[DRY] → /Users/apple/Downloads/nutritioncolours/src/content/locations/cooch-behar-metabolic-syndrome.md
[DRY] → /Users/apple/Downloads/nutritioncolours/src/content/locations/cossipore-insulin-resistance.md
[DRY] → /Users/apple/Downloads/nutritioncolours/src/content/locations/cossipore-fatty-liver.md
[DRY] → /Users/apple/Downloads/nutritioncolours/src/content/locations/cossipore-circadian-desynchrony.md
[DRY] → /Users/apple/Downloads/nutritioncolours/src/content/locations/cossipore-metabolic-syndrome.md
[DRY] → /Users/apple/Downloads/nutritioncolours/src/content/locations/darjeeling-hypertension.md
[DRY] → /Users/apple/Downloads/nutritioncolours/src/content/locations/darjeeling-insulin-resistance.md
[DRY] → /Users/apple/Downloads/nutritioncolours/src/content/locations/darjeeling-metabolic-syndrome.md
[DRY] → /Users/apple/Downloads/nutritioncolours/src/content/locations/diamond-harbour-pcodpcos.md
[DRY] → /Users/apple/Downloads/nutritioncolours/src/content/locations/diamond-harbour-thyroid-dysregulation.md
[DRY] → /Users/apple/Downloads/nutritioncolours/src/content/locations/drishnapur-obesity.md
[DRY] → /Users/apple/Downloads/nutritioncolours/src/content/locations/drishnapur-insulin-resistance.md
[DRY] → /Users/apple/Downloads/nutritioncolours/src/content/locations/drishnapur-fatty-liver.md
[DRY] → /Users/apple/Downloads/nutritioncolours/src/content/locations/drishnapur-metabolic-syndrome.md
[DRY] → /Users/apple/Downloads/nutritioncolours/src/content/locations/durgapur-insulin-resistance.md
[DRY] → /Users/apple/Downloads/nutritioncolours/src/content/locations/durgapur-thyroid-dysregulation.md
[DRY] → /Users/apple/Downloads/nutritioncolours/src/content/locations/gangtok-type-2-diabetes.md
[DRY] → /Users/apple/Downloads/nutritioncolours/src/content/locations/gangtok-obesity.md
[DRY] → /Users/apple/Downloads/nutritioncolours/src/content/locations/gangtok-dyslipidemia.md
[DRY] → /Users/apple/Downloads/nutritioncolours/src/content/locations/gangtok-pcodpcos.md
[DRY] → /Users/apple/Downloads/nutritioncolours/src/content/locations/howrah-obesity.md
[DRY] → /Users/apple/Downloads/nutritioncolours/src/content/locations/howrah-dyslipidemia.md
[DRY] → /Users/apple/Downloads/nutritioncolours/src/content/locations/howrah-thyroid-dysregulation.md
[DRY] → /Users/apple/Downloads/nutritioncolours/src/content/locations/howrah-circadian-desynchrony.md
[DRY] → /Users/apple/Downloads/nutritioncolours/src/content/locations/kandi-type-2-diabetes.md
[DRY] → /Users/apple/Downloads/nutritioncolours/src/content/locations/kandi-hypertension.md
[DRY] → /Users/apple/Downloads/nutritioncolours/src/content/locations/kandi-circadian-desynchrony.md
[DRY] → /Users/apple/Downloads/nutritioncolours/src/content/locations/katwa-type-2-diabetes.md
[DRY] → /Users/apple/Downloads/nutritioncolours/src/content/locations/katwa-dyslipidemia.md
[DRY] → /Users/apple/Downloads/nutritioncolours/src/content/locations/katwa-pcodpcos.md
[DRY] → /Users/apple/Downloads/nutritioncolours/src/content/locations/katwa-thyroid-dysregulation.md
[DRY] → /Users/apple/Downloads/nutritioncolours/src/content/locations/malda-dyslipidemia.md
[DRY] → /Users/apple/Downloads/nutritioncolours/src/content/locations/malda-pcodpcos.md
[DRY] → /Users/apple/Downloads/nutritioncolours/src/content/locations/malda-thyroid-dysregulation.md
[DRY] → /Users/apple/Downloads/nutritioncolours/src/content/locations/malda-metabolic-syndrome.md
[DRY] → /Users/apple/Downloads/nutritioncolours/src/content/locations/mall-type-2-diabetes.md
[DRY] → /Users/apple/Downloads/nutritioncolours/src/content/locations/mall-obesity.md
[DRY] → /Users/apple/Downloads/nutritioncolours/src/content/locations/mall-insulin-resistance.md
[DRY] → /Users/apple/Downloads/nutritioncolours/src/content/locations/mall-pcodpcos.md
[DRY] → /Users/apple/Downloads/nutritioncolours/src/content/locations/mall-circadian-desynchrony.md
[DRY] → /Users/apple/Downloads/nutritioncolours/src/content/locations/midnapore-type-2-diabetes.md
[DRY] → /Users/apple/Downloads/nutritioncolours/src/content/locations/midnapore-hypertension.md
[DRY] → /Users/apple/Downloads/nutritioncolours/src/content/locations/midnapore-dyslipidemia.md
[DRY] → /Users/apple/Downloads/nutritioncolours/src/content/locations/midnapore-fatty-liver.md
[DRY] → /Users/apple/Downloads/nutritioncolours/src/content/locations/nabadwip-obesity.md
[DRY] → /Users/apple/Downloads/nutritioncolours/src/content/locations/nabadwip-metabolic-syndrome.md
[DRY] → /Users/apple/Downloads/nutritioncolours/src/content/locations/purulai-pcodpcos.md
[DRY] → /Users/apple/Downloads/nutritioncolours/src/content/locations/purulai-fatty-liver.md
[DRY] → /Users/apple/Downloads/nutritioncolours/src/content/locations/purulai-metabolic-syndrome.md
[DRY] → /Users/apple/Downloads/nutritioncolours/src/content/locations/raghunathganj-hypertension.md
[DRY] → /Users/apple/Downloads/nutritioncolours/src/content/locations/raghunathganj-thyroid-dysregulation.md
[DRY] → /Users/apple/Downloads/nutritioncolours/src/content/locations/rampurhat-obesity.md
[DRY] → /Users/apple/Downloads/nutritioncolours/src/content/locations/rampurhat-insulin-resistance.md
[DRY] → /Users/apple/Downloads/nutritioncolours/src/content/locations/rampurhat-dyslipidemia.md
[DRY] → /Users/apple/Downloads/nutritioncolours/src/content/locations/rampurhat-pcodpcos.md
[DRY] → /Users/apple/Downloads/nutritioncolours/src/content/locations/ranaghat-type-2-diabetes.md
[DRY] → /Users/apple/Downloads/nutritioncolours/src/content/locations/ranaghat-obesity.md
[DRY] → /Users/apple/Downloads/nutritioncolours/src/content/locations/raniganj-obesity.md
[DRY] → /Users/apple/Downloads/nutritioncolours/src/content/locations/raniganj-hypertension.md
[DRY] → /Users/apple/Downloads/nutritioncolours/src/content/locations/raniganj-fatty-liver.md
[DRY] → /Users/apple/Downloads/nutritioncolours/src/content/locations/salkia-obesity.md
[DRY] → /Users/apple/Downloads/nutritioncolours/src/content/locations/salkia-dyslipidemia.md
[DRY] → /Users/apple/Downloads/nutritioncolours/src/content/locations/salkia-thyroid-dysregulation.md
[DRY] → /Users/apple/Downloads/nutritioncolours/src/content/locations/serampore-dyslipidemia.md
[DRY] → /Users/apple/Downloads/nutritioncolours/src/content/locations/serampore-thyroid-dysregulation.md
[DRY] → /Users/apple/Downloads/nutritioncolours/src/content/locations/bhopal-type-2-diabetes.md
[DRY] → /Users/apple/Downloads/nutritioncolours/src/content/locations/bhopal-insulin-resistance.md
[DRY] → /Users/apple/Downloads/nutritioncolours/src/content/locations/bhopal-pcodpcos.md
[DRY] → /Users/apple/Downloads/nutritioncolours/src/content/locations/bhopal-thyroid-dysregulation.md
[DRY] → /Users/apple/Downloads/nutritioncolours/src/content/locations/bhopal-circadian-desynchrony.md
[DRY] → /Users/apple/Downloads/nutritioncolours/src/content/locations/nagpur-type-2-diabetes.md
[DRY] → /Users/apple/Downloads/nutritioncolours/src/content/locations/nagpur-obesity.md
[DRY] → /Users/apple/Downloads/nutritioncolours/src/content/locations/nagpur-insulin-resistance.md
[DRY] → /Users/apple/Downloads/nutritioncolours/src/content/locations/nagpur-dyslipidemia.md
[DRY] → /Users/apple/Downloads/nutritioncolours/src/content/locations/jalandhar-insulin-resistance.md
[DRY] → /Users/apple/Downloads/nutritioncolours/src/content/locations/jalandhar-pcodpcos.md
[DRY] → /Users/apple/Downloads/nutritioncolours/src/content/locations/jalandhar-metabolic-syndrome.md